nombre, apellido, direccion
Birdie,Keller,Foli Junction 234
George,Harvey,Bimheb Plaza 949
Iva,Colon,Iwogel Manor 822
Bertie,Pena,Pine Terrace 443
Clara,Sutton,Riuz Pass 454
Russell,McDaniel,Devzi Boulevard 717
Nellie,Gilbert,Pawul Extension 146
Michael,Henry,Kiar Heights 272
Gerald,Caldwell,Noowa Grove 325
Bertha,Hogan,Fonpe Mill 661
Isaiah,Klein,Raes Court 286
Joseph,Neal,Ihiur Glen 422
George,Kim,Vaemu Extension 665
Dollie,Silva,Jelri Key 386
Olga,Bradley,Jenu Pass 081
Lucile,Blair,Tesi Center 356
Estella,Obrien,Iguosi Square 251
Landon,Quinn,Lafib Loop 255
Lettie,Snyder,Diori Highway 341
Henrietta,George,Dedac Center 821
Lawrence,Turner,Vore Pike 048
Isaac,Roy,Jechif Place 061
Ray,Miller,Kucev Court 615
Rebecca,Owens,Sitof Path 223
Eula,Frazier,Ibivek Boulevard 919
Leroy,Reese,Kani Avenue 356
Augusta,Vasquez,Kaepe Parkway 220
Martin,Baker,Eheud Center 551
Leo,Joseph,Haga Parkway 142
Curtis,Frank,Huji Circle 817
Ronald,Wood,Puhi Point 948
Corey,Peterson,Vurew Place 968
Lula,Carson,Heuso Point 297
Willie,Phelps,Manwub Place 525
Estella,Chandler,Ogkin Grove 880
Walter,Wade,Wige Boulevard 138
Gussie,Drake,Neleci Glen 810
Linnie,Brown,Lekos River 588
Jason,Walsh,Elon Glen 734
Hester,Wolfe,Tuziz Turnpike 557
Derrick,Bradley,Dome Street 607
Augusta,Potter,Duibe Heights 920
Ethan,Buchanan,Hetod Center 467
Oscar,Snyder,Udiju Court 931
Marguerite,Douglas,Funri Street 352
Hettie,Frazier,Taweb Manor 812
Connor,Pope,Iwajo View 862
Landon,Wilkerson,Vetwe Key 130
Ann,Knight,Eduvew Turnpike 006
Bradley,Shelton,Puruma Terrace 728
Luis,Chavez,Hevi Center 095
Genevieve,Bennett,Zeule Junction 471
Angel,Kim,Omika Turnpike 436
Barbara,Logan,Weki Boulevard 197
Rodney,Floyd,Kefuv Highway 107
Kathryn,Stevens,Ahuru Key 616
Chase,Malone,Suepu Circle 184
Luella,Hunter,Sisor Highway 564
Beulah,Barrett,Gehi Park 818
Sue,Morales,Susug River 810
Bryan,Stokes,Modboj Park 385
Laura,Tucker,Wazu View 098
Lucinda,Hardy,Jotez Loop 477
Edward,Schneider,Suhaf Pass 399
Sallie,Beck,Avjiv Key 600
Lucy,Gibson,Gaso Grove 507
Willie,Pittman,Jigo Pike 245
John,Rodriguez,Hoduz Grove 640
Marguerite,Mitchell,Nikte Key 087
Don,Aguilar,Jemze Avenue 877
Jeffery,Cortez,Hapug River 251
Randy,Graves,Dedhoz Glen 249
Martin,Frank,Dore Square 078
Alma,Reynolds,Tanaw Plaza 659
Albert,Daniel,Hisu Drive 960
Ollie,Obrien,Leme Plaza 413
Evan,Summers,Gimi Terrace 013
Mayme,Nichols,Locem Boulevard 912
Sadie,Frank,Cute Extension 337
Shane,Gonzales,Cekvaw Boulevard 688
Mark,Chapman,Pidil Mill 491
Lora,Floyd,Coce Loop 577
Luella,Lowe,Riksa Plaza 245
Rosa,Kelley,Horu Grove 927
Alfred,Sullivan,Litod Avenue 907
Etta,Webster,Mecu Lane 325
Glenn,Peterson,Huvek Boulevard 119
Vera,Ellis,Wafli Way 497
Minerva,Lopez,Gumiv Boulevard 603
Alta,Cross,Vaghok Mill 687
Lura,Lynch,Edupo Glen 047
Larry,Soto,Asmi Circle 866
Derek,Burns,Wamer Point 653
Fanny,Maxwell,Sapip Pass 733
Charles,Cooper,Mafus Path 321
Don,Wolfe,Wopfic Grove 753
Ivan,Ortega,Kugel Manor 056
Tyler,Reeves,Jamtu Pass 132
Alex,Barker,Ewied Avenue 005
Arthur,Schultz,Apkav Ridge 812
George,King,Gizav Point 281
Alfred,Robinson,Nokrok Avenue 172
Lilly,French,Kozma Manor 218
George,Reese,Lufgu Square 382
Calvin,Mason,Voras Court 577
Myra,Owen,Gowzuf View 652
Albert,Hogan,Zewa Path 392
Chad,Poole,Hokgah Heights 312
Jeremy,Peters,Felo Park 674
Inez,Craig,Ulja Plaza 979
Ian,McDonald,Difawa Street 165
Mayme,Wade,Deeju Key 994
Myrtle,Willis,Sizefi Avenue 984
Marcus,Richardson,Fiti Drive 455
Dennis,Williams,Jamgot Turnpike 312
Ellen,Schmidt,Vouhu Path 853
Katherine,McDonald,Teega Path 268
Douglas,Black,Ohmej Junction 462
Chase,Owens,Moblu Point 797
Susie,Banks,Holel Plaza 805
Leah,Carpenter,Kapcos Highway 372
Beulah,King,Facvop Grove 407
Edna,Bradley,Fabog Plaza 035
Caroline,Simpson,Bedmel View 065
Lawrence,Cole,Kemef Junction 937
Kevin,Cook,Tihiz Terrace 001
Scott,Rodriguez,Wanjih Street 135
Devin,Weber,Rigwi Extension 702
Marvin,Baldwin,Araar Pike 732
Gavin,Stone,Etugel Lane 582
Hulda,Carroll,Abpom Loop 714
Eddie,Foster,Nemo Drive 818
Ian,McDaniel,Kuhim Mill 828
Nina,Castro,Sobeb Highway 508
Sallie,Sharp,Guno View 805
Anthony,Pratt,Zuta Parkway 003
Garrett,Sims,Imka Pass 329
Myrtle,Bowers,Vaini Drive 271
Seth,Sutton,Tagah Plaza 175
Jack,Barton,Seba Heights 670
Miguel,Wong,Juhe Road 418
Leila,Byrd,Femhe Junction 812
Kyle,Graves,Cumu Square 686
Jorge,Matthews,Kaefa Heights 752
Hettie,Austin,Gokju Ridge 176
Ethel,Holloway,Hebas Glen 700
Edgar,Moody,Vooj Street 927
Addie,Willis,Jerna Avenue 431
Edna,Welch,Tujle Glen 052
Bruce,Gonzales,Zoboj Glen 036
Maud,Norris,Cuna Way 650
Lillian,Fitzgerald,Peifu Manor 987
Lora,Reid,Nese Loop 112
Trevor,Swanson,Lawrug Street 989
Effie,Farmer,Monib Road 880
Alta,Jensen,Uwawo Pike 405
Harold,Lyons,Daju Boulevard 255
Bessie,Hicks,Magat Court 200
Isabella,Delgado,Zevkaj Way 986
Peter,Daniel,Bidli Plaza 147
Dominic,Pierce,Kivez Street 375
Cornelia,Higgins,Zosij River 278
Cecelia,Wallace,Abuku Pike 052
Leo,Stanley,Kopez Path 474
Julia,Fitzgerald,Bozej Path 189
Elizabeth,Keller,Ruvdo Road 647
Birdie,Floyd,Jelwu Pike 489
Phoebe,Schultz,Kezuka Key 311
Sara,Lane,Sejod Point 149
Jesse,Torres,Jegsuc Parkway 012
Maurice,Rose,Notef Center 775
Sean,Hines,Gepeh Boulevard 282
Dennis,Frazier,Nifveh Grove 672
Chase,Johnston,Kocuc Court 350
Addie,Ellis,Zuksoz Extension 507
Ora,Hardy,Povhim Terrace 328
Joel,Potter,Sarij View 752
Joshua,Mann,Ikasev Glen 462
Jon,Ball,Odtul Terrace 151
Lily,Baker,Likrad Loop 090
Elijah,Singleton,Ginge Terrace 568
Michael,Morales,Kaplec View 618
Louise,Vasquez,Sicol Point 691
Sally,Stevenson,Voral Terrace 011
Stanley,Erickson,Wecuv Heights 354
Lula,Fisher,Lifi Plaza 887
Elnora,Gray,Pokbib Extension 924
Leah,Chapman,Ekada Park 056
Oscar,Lambert,Risul Court 101
Verna,Pena,Ajapo Park 733
Claudia,Stevenson,Miha Mill 155
Kenneth,Bridges,Ebiav Manor 328
Joe,Adkins,Mibri Manor 562
Bertie,Carr,Wasik Key 314
Jerry,Holland,Nurkon Glen 762
Adeline,Grant,Utva Pike 730
Gordon,Flores,Vegti View 381
Minnie,Wagner,Jutu Road 295
Tommy,Terry,Houz Street 227
Linnie,Gordon,Icvi Pike 542
Ronald,Rivera,Tepfi Key 761
Cecilia,Fowler,Coifo Boulevard 008
Bruce,Romero,Fofel Avenue 167
Glen,Castro,Ahtov Street 096
Evelyn,Singleton,Jikag Parkway 345
Mittie,Patrick,Baid Way 150
Cecilia,Lawson,Neef Turnpike 786
Lucile,Jenkins,Cogdi Turnpike 399
Emma,Watkins,Mifih Heights 865
Carlos,Manning,Ogoru Highway 783
Erik,Evans,Atim Terrace 704
Christopher,Guzman,Jahel Pass 760
Alvin,Santos,Vaca Square 127
Alvin,Perkins,Atmi Mill 465
Ophelia,George,Odfud Mill 198
Jorge,Bell,Ivoco Plaza 554
Stella,Luna,Domzin Park 023
Roy,Park,Ralis Highway 934
Lola,Powell,Fakur Loop 804
Sara,Adams,Egco Center 701
Barbara,Park,Puapo Highway 401
Elizabeth,Hodges,Owoba Grove 771
Addie,Payne,Igoemu Extension 800
Dylan,Guzman,Irli Key 254
Aaron,Kelly,Rokeca Turnpike 929
Katherine,Davidson,Rufure Street 321
Mittie,Tate,Pazuc Park 701
Anne,Jones,Huevo Extension 004
Luke,Arnold,Emka Park 020
Vincent,Cortez,Egra Place 367
Rachel,Moore,Jipiz Place 637
Amy,Vargas,Roszu Point 350
Agnes,Dean,Bujta Plaza 624
Bobby,Coleman,Biliv Court 808
Claudia,McDonald,Suzvez Park 917
Amelia,Barnes,Jibowu Court 641
Christopher,Clark,Gubi Avenue 698
Marie,Chambers,Zezo Pass 539
Francisco,Drake,Bubic Boulevard 236
Joseph,Valdez,Aprur Turnpike 767
Troy,Neal,Coko Center 934
Trevor,Jennings,Nowmi Key 923
Beulah,Taylor,Nihgob Point 346
Billy,McBride,Rippor Center 772
Jesse,Obrien,Hekvig Glen 310
Carl,Miller,Zifab Pass 961
Brian,McCoy,Aztuc Plaza 465
Lelia,Rhodes,Zogwip Pass 657
Isabella,Lamb,Ebir Way 360
Mollie,Holt,Haepa Terrace 696
Jayden,Boone,Fazme Center 357
Sylvia,Harvey,Medbam Manor 730
Ann,Gordon,Wocke Place 110
Jean,Barrett,Jijmo Plaza 569
Johnny,Massey,Dupjig View 500
Gary,Park,Foju Square 444
Gerald,King,Jatgek Ridge 784
Randy,Dean,Bitak Grove 846
David,Townsend,Gipim Grove 323
Connor,Graves,Havari Pass 125
Kevin,Maldonado,Uvju Lane 754
Jeremiah,Bryant,Rezfi Grove 650
Donald,Watkins,Dukuf Pike 051
Maurice,McCormick,Huna Ridge 704
Hallie,Robinson,Vada Court 141
Curtis,Munoz,Tawa Plaza 966
Corey,Pittman,Lisner Square 235
Elmer,Summers,Ucku Drive 709
Norman,Fletcher,Epaci Parkway 956
Mary,Diaz,Gicos Loop 211
Ann,Adams,Woco Parkway 789
Lora,Peterson,Lidkuv Lane 189
Rosie,Mendez,Dozo Loop 270
Maggie,Perry,Ezuka River 529
Nettie,Harrison,Dibme Pike 591
Andre,Hardy,Lurew Street 587
Ora,Warner,Panjub Glen 208
Owen,Jones,Meto Park 071
Harriet,Copeland,Zopbu Manor 095
Calvin,Sparks,Redrat Drive 478
Mayme,Peters,Ihoge View 558
Katharine,Boone,Zehuvu View 705
Catherine,Gordon,Lafi Pass 317
Timothy,Santiago,Haus Square 328
Ora,Gordon,Foit Mill 103
Douglas,Weaver,Ilena Drive 571
Esther,Rivera,Declep Road 933
Jeremy,Farmer,Paja Grove 922
Harry,Garza,Cupno Street 883
Bradley,Cox,Ridza Plaza 132
Joel,Hicks,Zageg Center 152
Lillie,Richardson,Liro River 579
Herman,Klein,Rirkap Avenue 901
Eva,Fleming,Sopofu Loop 932
Chase,Willis,Zogja Court 371
Mable,Oliver,Telvod Boulevard 358
Joe,Osborne,Tegi Junction 921
Hallie,Arnold,Tilar Glen 180
Gilbert,Hawkins,Jejbom Heights 129
Maurice,Flores,Budzu Way 700
Vincent,Hall,Iszef Square 950
Cecelia,Buchanan,Kuwbim Turnpike 059
Matthew,Bridges,Idide Court 698
Warren,Wade,Kaze Heights 464
Ralph,George,Suoj Square 034
George,Fitzgerald,Volez Path 260
Trevor,Thompson,Rigsit River 640
Raymond,Potter,Hihza View 882
Kevin,Dixon,Labzo Point 418
Lina,Swanson,Jecji Park 066
Pearl,Price,Wahnu Key 057
Calvin,McLaughlin,Udta Circle 794
Leila,Vega,Pudme Glen 427
Seth,Malone,Monog Parkway 639
Virgie,Sherman,Moico Mill 519
Steve,Lynch,Emtum Mill 258
Hattie,Salazar,Makuw Square 853
Randy,Singleton,Zukde Boulevard 140
Fred,Franklin,Peoje Court 519
Katie,Nguyen,Cuzelu Mill 009
Maude,Francis,Bade View 044
Johanna,Park,Nodupo Extension 680
Oscar,Green,Rehdan Ridge 009
Cynthia,Joseph,Cokci Glen 550
Ralph,Harrison,Uwcu Path 094
Dennis,Carlson,Jusfo Highway 254
Phillip,Todd,Hakmiw Extension 218
Bernard,Rodriquez,Urhat View 816
Ella,Sherman,Gisjij Loop 498
Eunice,Myers,Ohovok Street 230
Lucinda,Figueroa,Kezzi Pike 684
Katherine,Zimmerman,Jowac Pass 223
Elizabeth,Fowler,Duzuvo Park 882
Blake,Jenkins,Beram Pass 433
Mario,Campbell,Guoz Pike 025
Jesus,Matthews,Mooca Loop 679
Nicholas,Farmer,Jupodi Place 909
Scott,Kim,Tota Key 668
Shane,Conner,Epazu Lane 170
Logan,Lane,Pofiz Loop 657
Victor,Fuller,Urbol Extension 488
Marie,Todd,Babup Mill 325
Luke,Harrison,Venpah Point 739
Bruce,Gilbert,Itiraf Path 461
Glen,Lambert,Luru Circle 815
Owen,Newton,Mana Park 633
Ivan,Green,Oweme View 031
Belle,Rogers,Povewo Drive 045
Esther,Bass,Tuvotu Terrace 257
Justin,Wagner,Weha Highway 699
Gary,Ramsey,Sebom Street 394
Derrick,Padilla,Ekuwit Pass 943
Nathan,Miles,Cihtot Boulevard 488
Teresa,Hart,Ukeke Loop 874
Hettie,Lynch,Duji View 876
Jordan,Gill,Tapji Path 450
Maurice,Thornton,Danhes Heights 705
Hunter,Spencer,Fujpa View 909
Landon,Hampton,Koba Ridge 391
Violet,Garrett,Lilo Glen 675
Bryan,Wilson,Nucri Center 815
Cora,Parsons,Zibes Plaza 185
Iva,Price,Sokbi Junction 011
Mae,Burke,Wugim Avenue 291
Edwin,Porter,Zefbi Boulevard 052
Augusta,Howell,Febi Glen 781
Elnora,Dawson,Idloj Place 133
Jesus,Little,Mokmeg Pass 747
Clyde,Kim,Uresa Pike 232
Lucille,Houston,Fumhiw Key 668
Hettie,Lindsey,Paparu Drive 205
Cory,Banks,Piva Drive 453
Eric,Barnett,Leesu Place 272
Herbert,Morales,Woel Place 192
May,Baker,Mesfi Manor 154
David,Mills,Cabmo Parkway 458
Devin,Carpenter,Wuhu Pike 643
Georgia,Shaw,Athuc Terrace 991
Ethel,Wade,Abiuc Key 500
Mabel,Campbell,Sezu River 397
Landon,Mendez,Coir Square 221
Alfred,Patton,Ojiru Pass 052
Robert,Webster,Ticuv Avenue 760
Sophia,Vaughn,Sevoh Road 317
Jonathan,Barton,Wovak Pike 936
Ronald,McBride,Sujmu Key 134
Johnny,Dean,Gije Square 442
Marc,Bailey,Feba Turnpike 969
Lloyd,Sanders,Vezoz Lane 638
Martha,Manning,Vounu View 117
Marc,Blair,Ared Loop 080
Charles,Greene,Silen Street 398
Jason,Carson,Saloc Street 121
Ivan,Stephens,Lugma Circle 679
Brian,Chavez,Emubi Glen 396
Barry,Patrick,Apbi Glen 168
Leroy,Byrd,Nezwar Pike 498
Elsie,Bell,Ucefik Mill 058
Katie,Weber,Vohe Key 148
Iva,Copeland,Medha Lane 229
Mario,Higgins,Gawla Pike 582
Danny,Cruz,Pusovo Key 366
Noah,Pope,Ebowap River 804
Donald,Payne,Dija Place 318
Cora,Valdez,Uzogi Extension 575
Sallie,Bass,Facfip Road 078
Lettie,Webb,Atora Place 019
Ida,Parks,Casari Key 559
Anne,Chambers,Torza Ridge 260
Amelia,Bennett,Nebig Pass 745
Anthony,King,Gudjap Trail 777
Eleanor,Silva,Tiktap Avenue 970
Eugene,Powell,Takhad Key 051
Sam,Frank,Cezej Parkway 314
Millie,Lucas,Dibjas Junction 991
Irene,Rodgers,Gunop Street 395
Jason,Guzman,Basji Drive 177
May,Fox,Lioze Boulevard 966
Janie,Williams,Fasco Avenue 143
Gilbert,Craig,Neot Trail 841
Cecilia,Guerrero,Capsaw Manor 580
Eugene,Sherman,Buma Boulevard 176
Grace,Holt,Dazon Heights 981
Ollie,Logan,Pemdim Glen 917
Kathryn,Curry,Zesze Circle 151
Jerry,Rios,Fiwa Manor 354
Ruby,Nash,Zozub Ridge 088
Samuel,Walsh,Fuhed Grove 788
Grace,Gray,Annew Key 286
Louisa,Dixon,Epajit Center 566
Christine,Barker,Zakta Circle 986
Myrtie,Ballard,Epwoj Grove 685
Alan,Marsh,Kococ Road 462
Lawrence,Campbell,Atasih Plaza 851
Brent,Hansen,Behibu Place 357
Landon,Burton,Jovi Boulevard 871
Hattie,McGee,Budid Court 262
Elizabeth,Caldwell,Jolik Grove 222
Mason,Carpenter,Omivu Key 804
Herman,Webb,Azafa Junction 246
Larry,Patton,Degpuk Path 768
Cory,Townsend,Ulevi Circle 104
Josie,Chambers,Tirwo Lane 231
Antonio,Barnett,Dupeh River 670
Abbie,Craig,Odzu Manor 275
Emily,Wilkins,Rude Way 321
Bernice,Sherman,Marzah Court 758
Marion,Miles,Zekuw View 751
Marie,Moran,Dusane Extension 118
Chester,Griffin,Ruvul Key 513
Charlotte,Jenkins,Misev Junction 434
Andre,Conner,Dezu View 168
Frances,Jimenez,Devi View 873
Herbert,Simpson,Vadzi Highway 509
Harry,Harris,Rieca Street 731
Myra,Harvey,Efpu Street 581
Leonard,Holt,Hawzoh Center 396
Scott,Weaver,Mavi Circle 553
Andre,Carr,Ruelu Circle 290
Violet,Edwards,Luwo Pass 808
Randall,Owens,Kazi Street 490
Claudia,Tate,Arese Turnpike 246
Irene,Patrick,Hedow Turnpike 128
Eugenia,Frazier,Ewpi Extension 628
Hannah,Rodriguez,Ruzok Boulevard 774
Viola,Paul,Nekuh River 475
Effie,Morton,Posla Manor 757
Jay,French,Sicziw Highway 808
Justin,Norris,Sibjin Square 474
Augusta,Ward,Soso Street 468
Adelaide,Walker,Ulofib Avenue 025
Willie,Singleton,Tuvac Junction 931
Harriett,Walters,Nebis Way 338
Sue,Parks,Bijheb Park 380
Jayden,Luna,Limic Terrace 596
Lenora,Potter,Jito Street 645
Kyle,Black,Suwe Drive 192
Alan,Castro,Ilwog Way 941
Iva,Webster,Fizato Center 874
Randall,Blake,Wuwow Avenue 339
Billy,Byrd,Ekpo Grove 166
Phoebe,Rodriguez,Vinas Square 874
Anne,Stokes,Ejim Drive 473
Francis,McCoy,Velu Place 159
Lula,Steele,Gavken Trail 867
Harriet,Scott,Jekef Ridge 982
Patrick,Young,Lenmi Extension 041
Devin,Hanson,Canip Key 410
Jim,Ballard,Jevef Path 627
Winnie,Adams,Nekuh Mill 711
Fred,Abbott,Vocdo Street 645
Benjamin,Goodman,Uvmu Center 076
Jesse,Hopkins,Fedvo Way 140
Jonathan,Hubbard,Gihsa Highway 108
Ronald,Schneider,Hera Extension 330
Franklin,Warren,Usnev Trail 183
Troy,Clarke,Samti Pike 432
Agnes,Hanson,Jomtat Heights 735
Adelaide,Gordon,Jucul Avenue 819
Ora,Hale,Cuwe Junction 868
Ophelia,Osborne,Rinrif Court 404
Charles,Manning,Fupje View 270
Allen,Hammond,Rauh Parkway 973
Lulu,Graham,Eheju Avenue 432
Emilie,Nunez,Wugfap Court 077
Frances,Cain,Hawwav Mill 631
Trevor,Ortega,Weheg Path 930
Douglas,Perry,Zermar Extension 316
Jeanette,Sanchez,Jewwoh Loop 915
Jose,Duncan,Kanaj Plaza 755
Lucille,Bryant,Nuze Avenue 556
Bettie,Moran,Zikep Grove 356
Ronnie,Gibson,Fuhre Loop 394
Bessie,Pittman,Juvir Key 895
Hannah,Fisher,Terot Pass 874
Julian,Pittman,Jemgov Trail 665
Eugenia,Castro,Jela Court 667
May,Norris,Somas Circle 716
Dominic,Carr,Fuppu View 889
Derek,Franklin,Zihij Park 197
Scott,Atkins,Cetoh Park 194
Mamie,Collier,Mesol Manor 183
Abbie,Haynes,Zuulo Loop 791
Elva,Park,Zitu Extension 771
Bradley,Drake,Asviw Trail 305
Sophia,Tate,Fulom Pike 114
Hannah,Cummings,Elle Drive 560
Landon,Garza,Micuj Pike 051
Nelle,Walters,Domma Road 475
Eric,Guerrero,Bude Parkway 136
Sam,Sharp,Epebo Turnpike 281
Phillip,Singleton,Ravge Circle 732
Carolyn,Parks,Kepar Street 494
Logan,Hawkins,Nedkid Pass 707
Lola,Curry,Julco Pass 324
Sophie,Munoz,Ruduni Extension 228
Josephine,Park,Kibew Street 904
Sean,Steele,Rirla Road 802
Kenneth,Bush,Hadwut View 366
Nicholas,Bailey,Wocad Terrace 138
Edith,Keller,Hafos Key 265
Alma,Norris,Sucok Lane 018
Wesley,Rios,Uwokav Street 933
Ivan,Wong,Gilvij Avenue 522
Inez,Jenkins,Ranwov Center 429
Stephen,Lloyd,Ricac Drive 074
Sean,Matthews,Vemfe Key 752
Marie,Mendoza,Tunru Manor 343
Joshua,Howell,Tahik Lane 511
Caroline,Becker,Vezhe Path 229
Lizzie,Richardson,Fubvum Point 113
Dora,Franklin,Pulo Terrace 642
Joseph,Farmer,Rati Junction 772
Adam,Walton,Gokdi Way 874
Nicholas,Harper,Hofli Road 255
Flora,Allison,Rarap Place 154
Clyde,Elliott,Vepje Boulevard 065
Pearl,Stokes,Zeri Court 912
Brett,Andrews,Duwge Ridge 849
Lucinda,Owens,Fame Center 338
Thomas,Harper,Zujmog Turnpike 328
Wesley,Nelson,Waves Heights 880
May,Garza,Gicaz Point 687
Rodney,French,Ihoja Grove 150
Margaret,Mills,Acse Parkway 331
Eula,Richardson,Ciew Path 589
Clayton,Hale,Wadi Terrace 397
Claudia,Maldonado,Fahme Street 534
Delia,Conner,Dazvo Mill 222
Francisco,Davis,Jedoc Parkway 381
Jorge,Crawford,Lewaw Pike 752
Caroline,Hudson,Eszu Heights 239
Agnes,Griffin,Esogi Square 230
Ralph,Pratt,Idne Highway 298
Lenora,Collins,Tizza Path 960
Lina,Bennett,Lulah Turnpike 786
Benjamin,Ross,Jutnot Boulevard 091
Corey,Rose,Picgi Plaza 346
Gerald,Griffin,Lukvez Court 396
Roxie,Long,Nusvag Center 474
Cole,Hernandez,Digzu Glen 169
Verna,Steele,Fumfo Mill 905
Micheal,Terry,Sagpu Path 786
Craig,Singleton,Violu Manor 233
Joel,Swanson,Mihi Circle 806
Jeremy,French,Eloudu Mill 619
Antonio,Guerrero,Ceki Highway 660
Gene,Holland,Izef Key 248
Addie,Pratt,Emven Mill 501
Millie,Richardson,Neen Park 697
Margaret,Rhodes,Vuke Pike 530
Olive,King,Ojoliv Lane 075
Stephen,Parsons,Vegbe Highway 760
Christine,Jennings,Ravjup Junction 600
Franklin,Cooper,Ferfi River 666
Fanny,Jimenez,Tepka Pass 487
Viola,Robbins,Lilfez Mill 697
Timothy,Lucas,Pobwof Pike 968
Wayne,Casey,Feeh View 226
Nicholas,Franklin,Awek Center 313
Alberta,Buchanan,Kefka Junction 762
Nancy,Stokes,Rumhef Ridge 746
Eleanor,Thompson,Hevlej Path 105
Cody,Armstrong,Sorne Loop 504
Polly,Lowe,Ofoja Street 518
Paul,Adams,Ajdu Highway 916
Minnie,Douglas,Ezaati Trail 901
Todd,Sherman,Iziwab Turnpike 730
Martin,Welch,Oniiwi River 962
Isabella,Pierce,Ewacu Grove 940
Katharine,Reynolds,Jelij Extension 077
Della,Owen,Tubli Ridge 485
Nannie,Evans,Forjid Boulevard 385
Ryan,Munoz,Kepa Highway 807
Julian,Myers,Jivef Park 402
Frances,Christensen,Ritig Junction 413
Danny,Aguilar,Zuzem Terrace 598
Ola,Black,Meora Junction 941
Jay,Nunez,Eloh Pike 976
Lucas,Perkins,Zafoz Point 997
Martin,Little,Bopav Drive 666
Lenora,Roberson,Sivas Loop 206
Katherine,Strickland,Kesjo Heights 544
Eunice,Bryant,Mamul Trail 248
Ernest,Watts,Kogga Square 178
Maud,Schmidt,Sukmo Circle 258
Gerald,Tucker,Sabih Junction 666
Eddie,Walters,Vosmec Pike 813
Fannie,Pittman,Cimop Extension 934
Susan,Wise,Emofi Lane 068
Francis,Maldonado,Ukizov Center 807
Virgie,Hanson,Pojli Way 760
Richard,White,Suzhaw Park 559
Elizabeth,Cruz,Tirbal Key 308
Ian,Richards,Wuzcod Glen 127
Irene,Abbott,Laiwu Lane 443
Daisy,Watson,Pujuw Manor 549
Shane,Greer,Sipfi Junction 359
Agnes,Moss,Citom Road 370
Ollie,Taylor,Liku Street 935
Estelle,Conner,Omhu Extension 687
Owen,Willis,Pefob Extension 341
John,Salazar,Bogo Drive 928
Isaac,Hansen,Cusid Road 926
Chester,McDonald,Roto Loop 455
Edna,Harrington,Gatra Path 326
Bernard,Stewart,Megok Lane 857
Olivia,Robinson,Umiwa Boulevard 396
Randy,Maldonado,Ohenov Ridge 298
Jon,Jenkins,Joza Loop 486
Etta,Reynolds,Vonu Point 717
Jerry,Buchanan,Vatovo Place 736
Mayme,Fernandez,Niguh Street 696
Nettie,Rice,Nidno Ridge 287
Lilly,Jones,Fucfa Boulevard 202
Verna,Sherman,Fujdem Heights 961
Edna,Miles,Welo Plaza 507
Keith,Pope,Gegwuf Avenue 441
Isaac,Delgado,Ruku River 359
Lora,Cook,Etfo Lane 802
Frances,Miller,Gesoma Circle 716
Micheal,Kelly,Odepo Extension 545
Louis,Simon,Woito Trail 355
Alvin,Carson,Ovfu Junction 367
Duane,Cox,Vuko Center 952
Shawn,Lawrence,Lowrad Pike 574
Paul,Cole,Ejis Ridge 000
Leah,Foster,Zaej Avenue 609
Lilly,Hunter,Vapsim River 710
Mildred,Robertson,Reuju Junction 543
Jordan,Fitzgerald,Vegva Street 800
Kevin,Bass,Pepat Manor 375
Nancy,Kelley,Dofa Park 642
Bobby,Garner,Hehwur Way 314
James,Bates,Zoil Way 069
Ronald,Hunt,Ujipe Boulevard 506
Leon,Castro,Evanu Terrace 247
Marguerite,McGuire,Didopo Terrace 050
Julian,Alvarado,Leku Circle 827
Milton,Campbell,Leoh Circle 508
Wesley,Estrada,Awmar Road 668
Vincent,Gardner,Aple Heights 563
Ola,Herrera,Fezo Ridge 650
Earl,Kim,Toep Way 600
Essie,Chandler,Abade Avenue 899
Flora,Gibson,Zihare Drive 832
Mae,Curry,Ilrut Manor 417
Cordelia,Walters,Koze Terrace 420
Max,Carr,Oreci Point 591
Helena,Stevenson,Metilo Extension 451
Connor,Martin,Lofla Glen 155
Jeff,Barker,Pegto Way 907
Mabel,Christensen,Peku Loop 583
Vincent,Hudson,Matki Mill 028
Gary,Campbell,Vafu Square 028
Katharine,Abbott,Nojpeb River 977
Delia,Wells,Gefo Lane 733
Rebecca,Love,Itosig Avenue 044
Ray,McCormick,Mago Boulevard 280
Owen,Patton,Guwra Junction 144
Kevin,Ferguson,Fieg Circle 791
Joe,Hanson,Hawpiw Drive 698
Leonard,Klein,Tepke Drive 487
Lina,Brock,Misa River 760
Jeremy,Curry,Fugeg View 225
John,Perkins,Gurkaf Pike 216
Eliza,Walker,Fonnaz Boulevard 255
Adele,Hill,Vaze Terrace 008
Carl,Kennedy,Cise Road 415
Etta,Rogers,Dapnov Manor 855
Lulu,Tyler,Cagav Court 527
Lloyd,Hawkins,Hahtol Trail 158
Ruth,Larson,Fikcug Highway 037
Jennie,Townsend,Suoze Road 657
Etta,Tran,Vidzas View 357
Glen,Watkins,Hagi Circle 318
Lilly,Cole,Vukih Circle 782
George,Roberson,Tasri Grove 560
Mayme,Barber,Ikepi Grove 154
Beulah,Thornton,Ceecu River 802
Catherine,Dennis,Bavaci Heights 871
Wayne,Cohen,Pize Loop 970
Russell,Benson,Gakpej Loop 515
Ricky,Boone,Zuwe Terrace 184
Betty,Boone,Pikfef Turnpike 433
Delia,Holland,Icufa Way 532
Hester,McDonald,Mafus Extension 899
Madge,Bryan,Avisus Point 069
Loretta,Walton,Ucge Drive 627
Lenora,Robertson,Nesa Manor 773
Donald,Higgins,Fugzeb Square 668
Ronnie,Matthews,Edgu Way 686
Isaiah,Vaughn,Hemehe Court 146
Jeffery,Perry,Fulaw Turnpike 334
Esther,Weber,Buju Manor 096
Eleanor,Barker,Suzpab View 362
Evelyn,Wright,Gegi Junction 174
Emma,Holloway,Vemwe Street 102
Christina,Sanders,Siog Extension 461
Adele,Nguyen,Zakwi Grove 530
Maurice,Wise,Nitgo Path 116
Jean,Brady,Sulal Plaza 909
Cecilia,Hunter,Kolla Glen 527
Maud,Robbins,Kemu Circle 455
Ralph,Jennings,Ejgos Point 702
Marcus,Huff,Abilew Glen 867
Shane,Martinez,Taeb Key 793
Dale,Floyd,Bevur Street 521
Edna,Poole,Inonal Square 547
Minerva,Pittman,Vupnoj Boulevard 077
Lillie,Rios,Guva Junction 582
Christian,Carroll,Fawlig Pass 903
Phillip,Atkins,Vumfa Square 183
Lizzie,Blake,Ipno River 157
Pauline,Dunn,Pahiv Square 719
Sarah,Colon,Rijo Park 387
Lillie,Becker,Nicu Trail 001
Tyler,Delgado,Fecjem View 818
Lucile,Wright,Ihipah Place 368
Zachary,Sparks,Katbog Glen 730
Peter,Robertson,Lumzop Turnpike 033
Lulu,Todd,Alanu Place 115
Stella,Marsh,Fulif Turnpike 499
Eric,Dawson,Buhbol Drive 343
Peter,Richards,Mataw Avenue 635
Milton,McGuire,Elovow View 020
Matthew,Watkins,Mazve Avenue 284
Brandon,Wright,Boba Grove 459
Tony,Alexander,Hezos Path 820
Ora,Schwartz,Ahkap Plaza 228
Jane,Dunn,Manjig Terrace 232
Lester,Rhodes,Acwe Street 588
Beulah,Gill,Agaasi Center 443
Larry,Boyd,Rucap Street 017
Mathilda,Swanson,Wobket Manor 424
Chester,Robbins,Gimhus Loop 920
Brent,Garcia,Wodpaf Park 009
Austin,Perkins,Johaw Glen 088
Augusta,Hart,Mopif Junction 750
Viola,Alvarado,Icrud Park 360
Michael,Malone,Baig Glen 312
Martha,Erickson,Utja Boulevard 372
Christian,Davis,Pucri Square 354
Fred,Green,Ozilo Trail 104
Noah,Harvey,Iwupu Circle 900
Clyde,Foster,Supha Trail 214
Christine,Greene,Tile Heights 209
Juan,Wilkerson,Jajked Plaza 370
Polly,Pittman,Dutep Way 759
Sophia,Chapman,Todki Park 507
Harriet,Weber,Piimo Lane 401
Flora,Benson,Ralu Key 603
Lillian,Hopkins,Mure River 181
Kevin,Garza,Pevu Point 680
Cora,Maxwell,Ihudin Boulevard 958
Lucile,Gutierrez,Ebapa Way 767
Susie,Vasquez,Udnem Glen 820
Joseph,Allen,Fewrin Grove 973
Don,Owens,Ruzat Court 867
Jimmy,Harris,Melaf Terrace 790
Ethel,Ferguson,Bopa Pass 986
Jordan,Stevens,Vuze Pass 160
Jimmy,Farmer,Uhwuf Trail 220
Mario,Garcia,Kaba Loop 781
Thomas,Bryant,Eneko Loop 171
Winnie,Ford,Lefol Highway 614
Matthew,Perry,Fahog Road 181
Rosie,Dennis,Megi Parkway 992
Rosie,Blake,Bivawo Glen 545
Lela,Kelly,Dasro Turnpike 656
Kate,Floyd,Vohhop Ridge 392
Belle,Santiago,Turit Key 218
Lottie,Hart,Luhok River 219
Adam,Terry,Zibdip Highway 065
Brent,Anderson,Esjog Trail 036
Milton,Castro,Safe Grove 659
Jeffrey,Bryan,Turi Junction 249
Jayden,Olson,Sureg River 972
Ernest,Bowers,Ruho Road 015
Lois,Lucas,Ubosa Avenue 545
Logan,Cain,Bonsih Trail 527
Lois,Lawson,Lutod Ridge 571
Christine,Conner,Uteb Mill 242
Gabriel,Henry,Hagow Ridge 431
Ronnie,Johnston,Nikob Lane 458
Leo,McCormick,Opamav Extension 288
Helen,Black,Culvef Square 394
Noah,Drake,Fenoto Trail 156
Jerome,Ward,Zuhci Street 580
Keith,Miller,Vozoh Road 229
Jeremiah,Burns,Mikobi Lane 636
Garrett,Joseph,Namov Park 625
Maurice,Barker,Uhfu Way 529
Violet,Barrett,Desuz Lane 963
Elva,Ward,Heon Pass 976
Rebecca,Woods,Wesal Junction 735
Maurice,Cummings,Nofgi Pike 102
Duane,Edwards,Vescu Mill 390
Bertha,Mathis,Tedur Grove 186
Lottie,Lowe,Tenjar Glen 462
Jean,Armstrong,Vepzi Junction 078
Eunice,Waters,Mopir Center 357
Clyde,Matthews,Enenug Road 626
Phoebe,Holloway,Hogra Boulevard 337
Hettie,Lloyd,Weim Path 700
Aiden,Shaw,Cigim Point 157
Maud,Maldonado,Rudki Terrace 928
Vera,Norris,Rolo Drive 774
Leon,Morgan,Jigic Boulevard 122
Mildred,Shelton,Ihugad View 019
Kate,Burke,Vajur Park 066
Myrtie,Ray,Mansu River 536
Julia,Sanchez,Efire Avenue 702
Ellen,Ballard,Vugne Extension 139
Viola,Barnett,Amaro Trail 875
Ada,Hunt,Bakif View 541
Edith,McGuire,Tote Circle 031
Hunter,Cruz,Wajgen Ridge 177
Phillip,Woods,Isiz Ridge 736
Laura,Meyer,Fope Street 129
Bill,White,Tecoz Park 155
Della,Watson,Caep Road 660
Timothy,James,Togas Ridge 326
Warren,Cooper,Alcor Court 550
Alan,Hernandez,Gusom Terrace 850
Chris,Sparks,Lege Key 706
Nettie,Hansen,Edofev Key 108
Cornelia,Ramos,Igdi Highway 748
Nellie,McBride,Acdum Heights 043
Ethel,Ford,Enavi Terrace 726
Hettie,Weber,Kefok Center 481
Lee,Weaver,Kilup Ridge 368
Bill,Davis,Vonjip Avenue 575
Estella,Jensen,Cugiwe Square 219
Cody,Holloway,Raaru Mill 220
Lester,Bush,Wamuv Trail 167
Loretta,Armstrong,Hukwi Loop 140
Eunice,Chandler,Rozwi Circle 760
Herman,Freeman,Afhup Way 948
Clyde,Munoz,Evewo Manor 698
Leon,Bryan,Pafad Key 945
Lucille,Martinez,Nape Mill 666
Leila,White,Wiek Court 499
Lina,Cole,Tekse Ridge 738
Leon,Lowe,Jizsa Road 248
Millie,Stanley,Nekaw Glen 884
Vera,Cannon,Ibku Junction 583
Birdie,Wells,Bepzi Pike 394
Susie,Thomas,Hicaj Road 850
Bruce,Paul,Jodog Turnpike 982
Bessie,Grant,Juti Park 726
Aaron,Mack,Viba Turnpike 186
Blanche,Moreno,Zilaf Grove 731
Craig,Ruiz,Setog Highway 912
Lee,Moody,Rumbin Boulevard 467
Kathryn,Vaughn,Lucom Plaza 340
Jayden,Burke,Luffic Path 453
Mitchell,Newton,Esfur Terrace 400
Hulda,Andrews,Itdaf Park 147
Jackson,Turner,Caftu Extension 992
Cora,Floyd,Hoez Pass 442
Martha,Clayton,Foloz Park 289
Helen,Snyder,Okodo Way 272
Beatrice,Shelton,Uvuro View 221
Allie,McBride,Igauvi Drive 559
Margaret,Wagner,Puca Path 006
Joe,Dixon,Tuvlu Boulevard 887
Lela,Schmidt,Kezvu Highway 568
Marion,Bennett,Awovi Circle 529
Corey,Robinson,Fuhor Grove 973
Rosetta,Jones,Cobaj Square 557
Nell,Medina,Ikhep Street 383
Lou,Ortiz,Inonur Square 496
Peter,Frank,Uciez Point 079
Cory,Rowe,Seppu Lane 633
Esther,Gardner,Wiztar View 451
Bernard,Perkins,Iliusi Lane 187
Michael,Stewart,Timat Grove 002
Leroy,Ryan,Muhwol Avenue 537
Jackson,Tucker,Iwepo Center 153
Justin,Butler,Ojsam Trail 245
Loretta,Padilla,Zibawu Way 054
Mario,Abbott,Zebji Key 502
Duane,Johnston,Rubfe Plaza 351
Katherine,Owen,Zamfo Street 125
Lily,Coleman,Kabsa Trail 045
Cecilia,Grant,Ebuehu Pass 469
Aaron,Long,Rapok Circle 729
Philip,Watts,Gijej Pass 965
Jane,Klein,Sibo Center 765
Owen,Klein,Milbas Glen 736
Gary,Ross,Haeh Extension 716
Frank,Morton,Faziv Center 942
Roy,Roberts,Dirpo Point 353
Nicholas,Rice,Zijve Place 837
Wesley,Rhodes,Fobe Pass 512
Gabriel,Webster,Icpok Heights 938
Charlie,Hughes,Buoh Plaza 981
Maria,Boyd,Gereku Drive 152
Tom,Lowe,Sakot Key 383
Allen,Miller,Mukel Grove 188
Louis,Holloway,Cace Place 238
Tommy,Phelps,Wihfat Terrace 550
Allen,Douglas,Retmah Terrace 125
Danny,Waters,Fugam Manor 162
Derrick,Cruz,Fuvma Drive 542
Janie,Moody,Dowgo Square 448
Stephen,Mullins,Kimik Key 840
Mable,Clark,Ojdo Terrace 623
Lois,Ortega,Guwoj Grove 113
Virgie,Frazier,Cevet Grove 042
Jordan,Sharp,Nomo Pass 996
Clarence,Chavez,Ubaabe Turnpike 866
Eliza,Thomas,Putmus Point 627
Isaiah,Jimenez,Jaaki Place 803
Philip,Rodgers,Gozda Court 148
Kate,Osborne,Mego Pike 921
Jeff,Hanson,Wezli Pike 829
Clyde,Santos,Becon Manor 185
Amy,Barnes,Poduj River 407
Gussie,Myers,Sari Pike 867
Effie,Hill,Joip Lane 044
Marguerite,Hammond,Disu Pike 762
Angel,Fowler,Cawse Park 176
Mason,Grant,Saji Junction 909
Catherine,Morris,Gehku Key 092
Terry,Green,Tovu Glen 352
Ann,Cummings,Zauh Way 589
Mittie,Manning,Fehija Park 919
Glen,Barton,Raug Parkway 544
Hettie,Manning,Golla Square 399
Adelaide,Wolfe,Dulle Manor 256
Ivan,Stanley,Lekon Lane 180
Daniel,Gregory,Sursow Loop 629
Dylan,Quinn,Saju Trail 001
Nannie,Burke,Bunuv Grove 022
Nellie,Collins,Dice Key 737
Nell,Sparks,Dajab Grove 226
Adelaide,Green,Cocviv Circle 594
Evan,Carter,Kedo Glen 303
Nancy,Evans,Apwe Ridge 511
Lilly,Burke,Deceha Extension 894
Charlotte,Warren,Ezokav Park 711
Virgie,Osborne,Zazpa Court 366
Eddie,Moran,Nifju Highway 172
Mathilda,Harris,Vifip Center 702
Devin,Wise,Wubiso River 691
Connor,Spencer,Vamcev Parkway 942
Rhoda,Hayes,Miltu Park 291
Clyde,Griffith,Onibas Place 834
Hilda,Martin,Bofku Mill 842
Jean,Gill,Siszi Trail 229
Luis,McDonald,Ozusi Parkway 675
Violet,Garza,Ojru Plaza 035
Clifford,Robertson,Adahe Path 674
Rena,Gilbert,Sujut Square 355
Delia,Carpenter,Nuzlej Pass 217
Connor,Parsons,Udizu Street 220
Clarence,Mendez,Marov Ridge 602
Donald,Caldwell,Denlij Manor 658
