nombre, direccion,ruc,representante_dni,telefono
"Albertson's, Inc.",Elah Pass 306,10193937868,20362733,993994514
Baxter International Inc.,Kelo Avenue 445,20173114113,92813372,4517916
National Semiconductor Corporation,Neru River 559,20591232934,99606006,3556625
"Avon Products, Inc.",Zeca Street 527,20428488614,81257061,952799377
Cooper Cameron Corp.,Mejuh Heights 192,10611739211,95539522,972294373
"Arrow Electronics, Inc.",Bujaha Place 851,10946817793,89719232,983895985
Manor Care Inc.,Kilzov Point 127,10124226756,36741205,923224964
National Fuel Gas Company,Rosre View 246,10336286111,05721527,3367893
International Business Machines Corp.,Omza Mill 090,20142377355,30984708,3358211
"BJ's Wholesale Club, Inc.",Vuje Key 153,10947718965,95843255,2461951
Lucent Technologies Inc.,Vefegi Plaza 446,20874979821,68677409,3116484
"Avon Products, Inc.",Wara Path 327,10749669668,16742674,998966718
Mandalay Resort Group,Zeznas Turnpike 849,10384533458,91271580,4634734
"Pep Boys Manny, Moe & Jack",Afidas Manor 502,20949245194,54406882,998488261
BJ Services Company,Ruov Point 772,10862698164,65934176,4261832
Standard Pacific Corp.,Sapir Parkway 514,20324678877,68512430,2958151
Foot Locker Inc,Cosa Way 461,10322617623,72106731,3592193
United Parcel Service Inc,Jucoh Pike 488,10251427813,81011732,2794465
Nordstrom Inc,Abaaji Highway 321,20141186135,61569878,5936226
TRW Inc,Uzolu Street 762,10542636167,56995465,2762444
Equitable Resources Inc.,Sudhel Key 483,20489626726,42794553,944883556
PETsMART Inc,Kocima Point 457,20294225981,97861544,5452942
AmSouth Bancorp.,Ciphod Center 383,20675626637,24386478,2763387
State Street Corp.,Wedugi Way 970,20873597589,14059738,924341269
Lehman Brothers Holdings Inc.,Ifiti Center 066,10313573988,57981980,966737241
Mariner Health Care Inc.,Cozuse Center 224,10877266146,95870669,945337761
Pactiv Corp,Koparu Trail 259,10226923289,96995726,5256134
General Dynamics Corporation,Rako Mill 545,10176889215,64735861,996722182
Household International Corp.,Sogeg Path 722,20312337792,79786277,6594112
Kemet Corp.,Vanzu Manor 131,20312728622,76654856,6848788
Clear Channel Communications Inc.,Gadu Manor 620,10246129983,69804008,4836847
Humana Inc.,Ciluce Square 745,20221517986,03063103,995163921
Carpenter Technology Corp.,Zuci Road 335,10379951534,78171304,915627617
United Auto Group Inc,Vedu Loop 274,10326256539,54909367,929146498
Southwest Airlines Co,Lito Terrace 423,10769988893,82457579,936791199
UGI Corporation,Rejope Boulevard 882,20973112365,98544035,4363548
Sun Microsystems Inc.,Cuic Pike 293,10685878984,32785529,5927127
MDU Resources Group Inc.,Hisuj Heights 620,20363516585,04554962,2519683
Value City Department Stores Inc,Pucru Terrace 314,20192399423,73889021,983394457
Tecumseh Products Company,Taztog Highway 133,10523632214,43883805,918539884
Kimberly-Clark Corporation,Utoto Lane 128,20838887552,22316492,944389477
"American Electric Power Company, Inc.",Nujti Square 569,20345396829,31932274,958713686
Scholastic Corp,Dari Trail 644,10629452368,98931778,6493989
Goodrich Corporation,Evfa Terrace 958,20764631587,26321062,929927432
Consolidated Edison Inc.,Leseb Place 728,20964854457,32453039,994353219
Cabot Corp,Amevu Avenue 706,10297619722,77666483,954234311
Medtronic Inc.,Kejo Turnpike 280,20951773613,59913279,989771958
Triad Hospitals Inc,Uzijuk Avenue 251,10869839399,98833229,998856664
Eaton Corporation,Pagom Mill 585,10344111429,84885394,2622436
Corn Products International Inc.,Etsis Place 960,10647548645,56832510,4646382
Jones Apparel Group Inc.,Evima Lane 533,10729623315,69116927,5676214
General Cable Corporation,Hashaj Pass 705,10245887664,29201041,929723276
Greif Bros. Corporation,Jujupo Turnpike 831,20887381926,42842139,4121767
Kohl's Corp.,Gired River 341,10695487451,16981772,4786667
HCA Inc.,Boha Key 002,20531851465,66721691,2951428
Mail-Well Inc.,Egeig Ridge 175,10833452854,50424477,954651997
Estee Lauder Companies Inc.,Wofipu Court 434,10728866692,59122062,4331939
Cincinnati Financial Corp.,Homu Way 228,20333335361,82025773,966333628
Mellon Financial Corporation,Pife Mill 143,20532657438,13643552,6331368
Genzyme Corporation,Osiis Key 499,20439882279,08634306,947579821
Newell Rubbermaid Inc,Awvel Manor 399,10878283965,41334578,945833218
Zions Bancorporation,Roif Road 735,10777322455,45964062,5241722
"Big Lots, Inc.",Pepjiv Avenue 447,20636614821,59490672,6994976
Tellabs Inc.,Weovi Road 692,10123814681,52127903,4578913
Worthington Industries Inc,Cilim River 081,10644391718,22794153,929654969
Williams Companies Inc,Hafobu Way 203,10536512313,21364201,946996949
Target Corp.,Ibaice Street 344,20345522145,41493948,6367318
DPL Inc.,Supoz Turnpike 644,10287396559,24345074,5476591
CSX Corp.,Gial Glen 915,10263923276,38857488,3223885
Lands' End Inc.,Akejab Trail 523,20752553181,79233001,5372343
Unisource Energy Corp,Ebnew Pike 251,20368672758,78999689,931737844
Pioneer-Standard Electronics Inc.,Detul Ridge 472,10598173455,43904381,937273114
Phelps Dodge Corp.,Togro Circle 223,10636245781,51555682,964994265
Fortune Brands Inc.,Ratu River 271,10184336687,63825738,942529317
Precision Castparts Corp,Neofu Path 159,20554495967,91259529,959945258
AMERCO,Avener Plaza 081,20765483913,02100042,5399747
Unified Western Grocers Inc,Agpot View 096,10324936338,31830598,942791631
North Fork Bancorporation Inc,Jigub View 962,20463169947,91346827,954835745
Whirlpool Corporation,Pugdez Manor 878,10292563637,58840331,987863946
Apartment Investment and Management Company,Razvez Pike 215,20691594835,83646308,2393327
"AutoZone, Inc.",Kana Extension 984,20258216341,04595889,972372923
Tenneco Automotive Inc.,Sihabo Terrace 849,20264274534,82905253,945436756
PNC Financial Services Group Inc.,Upak Key 733,20725781387,47786912,5559824
Nucor Corp,Dugeze Pike 856,20746182428,11253594,962379951
Cooper Tire & Rubber Co.,Foob Pass 436,20561771961,83716714,4175827
Expeditors International of Washington Inc.,Ofemo Street 217,20563869717,59026449,921518642
EMC Corporation,Tofro Highway 664,20765488391,14003990,5316654
USA Interactive,Kokot Street 126,20291758496,88326552,982524225
Consolidated Edison Inc.,Imazaw Lane 925,20174815339,93686581,6466985
Polo Ralph Lauren Corp,Gorsav Mill 988,20642299125,58908293,995697553
"Cadence Design Systems, Inc.",Ahso Center 438,20466572417,94624038,989149644
Temple-Inland Inc,Ofona Street 383,20853738518,49641076,2756934
Cabot Corp,Piiw Drive 375,20767664646,36852459,977945546
Novellus Systems Inc,Pakaz View 821,10256484279,78685379,944929889
Scholastic Corp,Vagi Center 952,20813812372,01712896,983478381
OM Group Inc,Sewa Way 798,10485333822,86575471,5727574
Regions Financial Corp.,Hewef Turnpike 180,10853451117,72756665,6398827
Lucent Technologies Inc.,Vaeb Square 323,20144829394,61863743,932287722
Fleetwood Enterprises Inc.,Sutum Square 232,20196113135,93174745,993637252
Deluxe Corporation,Wamih Terrace 398,20241697329,30041838,3911149
Outback Steakhouse Inc.,Lojle View 493,10684191286,73847681,921188692
Astoria Financial Corporation,Piba Heights 968,20732351549,94461096,961242665
Cytec Industries Inc.,Buki Avenue 919,20434789716,97262294,6355427
National Service Industries Inc,Gogvu View 603,20621263998,22679114,965869486
Value City Department Stores Inc,Enota Trail 522,10543587116,53386032,911328872
Raytheon Company,Kektij Pike 873,20699814882,37341244,993189533
SLM Corporation,Wuwah Highway 089,20625313242,15573911,4697397
AMERCO,Puffet Grove 215,20917842684,10271561,4546446
Rockwell Automation Inc,Iwoih Ridge 399,10194168721,25127053,936132569
"Pep Boys Manny, Moe & Jack",Viti Circle 627,10641696446,70310085,6495186
National Rural Utilities Cooperative Finance Corporation,Safev Junction 729,20269976261,64610554,963478889
Dollar General Corporation,Fihas Square 553,10972968741,15071456,989422848
The Men's Wearhouse Inc.,Susi Center 697,20421721576,47887300,5179161
Scientific-Atlanta Inc,Huhin Mill 654,10649473841,20439220,6741577
GenCorp Inc.,Virpa Terrace 133,20917392991,85447290,4171882
Costco Wholesale Corp.,Tapcem Place 350,10143516856,98435149,2729492
"Dreyer's Grand Ice Cream, Inc.",Kagwo View 458,10133165763,95156199,929692771
PepsiCo Inc.,Fiep Ridge 674,20959868132,43543557,914827534
Conseco Inc.,Nevac Ridge 336,10794862941,01167903,923768653
"Avon Products, Inc.",Bidi Road 464,20721911961,30650068,5442116
Primedia Inc,Ihukew Plaza 256,20547293752,17372400,4527219
General Cable Corporation,Bultu Boulevard 797,10116472472,89807831,926188586
Weis Markets Inc.,Lumu Highway 626,10725378491,23409465,995868751
Maxim Integrated Products Inc.,Kihwuc Key 588,20956957272,72546278,958939215
Gemstar-TV Guide International Inc.,Zozig Park 042,20898186396,54774834,5184952
"Alaska Air Group, Inc.",Naviw Boulevard 243,20449957969,66272936,916333487
CellStar Corp.,Unofa Square 886,10423156693,59920468,4636771
Rock-Tenn Co,Tuvoj Trail 531,20577556814,34772771,2553285
Georgia Gulf Corporation,Enir Turnpike 357,20988927983,15613033,5323364
Comverse Technology Inc.,Immem Path 724,10258498959,22097799,925832299
Dell Computer Corporation,Umcun Center 748,10575263584,37490067,917886672
SunTrust Banks Inc,Zukze Key 786,10843844994,89823824,5386471
Federal Express Corp.,Mawar Parkway 956,20337373746,89853192,6296546
Energizer Holdings Inc.,Kupuv Pass 240,10894857121,41250712,986866837
"Citigroup, Inc",Nejhu Heights 307,10623917879,26831796,4572191
MeadWestvaco Corporation,Sillun Lane 072,10248858633,96585023,921744219
Caterpillar Inc.,Okreb Pass 233,20467877263,96702952,993551427
CNF Inc.,Ullal Drive 210,20292229734,83218541,982342526
Rockwell Automation Inc,Bafad Drive 541,10171771487,75447562,6112334
IKON Office Solutions Inc.,Siles River 782,10629326937,45832852,3313612
Southern Union Company,Sopu Place 471,20259451917,03681169,6543327
Exide Technologies,Zewdak Pike 053,10516122878,88889444,994283228
Casey's General Stores Inc.,Gutu Ridge 386,20262466482,62341116,3712187
Nvidia Corp,Efovuj Court 063,20494344626,28716630,988321482
Charter Communications Inc.,Lukes Square 299,20114313963,33732860,976973968
Carlisle Cos. Inc.,Hicga Extension 432,10137484213,82346705,957972624
Popular Inc,Akuni Path 661,20761527981,18642193,4132198
Flowers Foods Inc.,Pejpon Loop 046,10381871447,92496558,2672913
Cardinal Health Inc.,Bapfan View 886,10293526979,81908691,983816222
The Men's Wearhouse Inc.,Onne Plaza 264,20957799515,91390968,993118965
Integrated Electrical Services Inc.,Wupapu Junction 877,10131359163,70254189,6999466
"Best Buy Co., Inc.",Zisew Junction 208,10797487593,97240490,2914413
Golden West Financial Corporation,Azoki View 620,20674946789,78704702,999148346
The Lubrizol Corporation,Donud Mill 681,20686289473,13441511,995147268
Sears Roebuck & Co,Novcod Loop 578,10573315424,29163103,2518682
Kohl's Corp.,Nomem Plaza 821,10199761775,36695255,988273336
Stilwell Financial Inc,Jeho Place 380,10688459294,49813378,3259453
"Advance Auto Parts, Inc.",Imrod Center 465,10476738485,24284271,5677319
Nabors Industries Inc,Wupsig Circle 554,10632174175,60792939,978221726
GreenPoint Financial Corp.,Cafduc Turnpike 091,10466456399,09930577,976563355
FirstEnergy Corp.,Turo Trail 733,10835724478,50203477,979466765
Questar Corp,Opso Pass 430,10968364146,03073302,3218153
Yum Brands Inc.,Feot Turnpike 850,10578416888,46545096,4981644
American Greetings Corporation,Fafah Circle 365,20549349875,85121456,6793191
Ciena Corp.,Zeke Manor 106,10618781635,78859386,3924635
ARAMARK Corporation,Hapono Manor 390,20741725792,26784416,943621937
Safeco Corp,Fadaw Point 926,10756332126,92350504,929917412
Riverwood Holding Inc.,Emsor River 812,20499894192,11666700,6857228
Bristol-Myers Squibb Company,Ubehu Terrace 582,20566291716,07829426,929383863
Hughes Supply Inc.,Nesoh Ridge 709,10584992948,08761173,989677269
"The Bank of New York Company, Inc.",Tujaw Way 037,20756715231,60364623,5318674
Casey's General Stores Inc.,Tameba Extension 003,10657317485,22392442,6691796
NSTAR,Rowew View 774,20944821548,55176227,4623142
MetLife Inc.,Nojzeh Parkway 597,10918275416,38060179,935178599
First American Financial Corp.,Melco View 827,20353554124,82349085,6493411
Nortek Inc,Jakhir Trail 462,20377819245,21300998,945579978
Waste Management Inc,Lomo Pass 757,10992116465,55422654,6314635
Lithia Motors Inc.,Telo Plaza 798,20277185324,20036999,5522461
US Oncology Inc,Poka Key 889,10978287147,05890068,5617657
Equity Office Properties Trust,Devpet Point 421,20375384515,94737191,4613146
"The Alpine Group, Inc.",Bevmo Extension 083,20797869759,87704380,998449529
Sara Lee Corp,Etiow Heights 114,10678253928,61901691,982277523
Universal Health Services Inc,Benca Glen 640,10672768782,33665308,961514527
Campbell Soup Co.,Telse Loop 450,10244354356,66566569,2677691
SPX Corp,Kufop Mill 467,10943423173,71677481,6595398
Winn Dixie Stores Inc,Roeri Point 523,10729347442,79354849,3177635
Express Scripts Inc.,Vurmab Center 336,10954971647,19336811,983127296
The LTV Corporation,Natzo Turnpike 026,20745618425,55044250,943172862
KeyCorp,Selaj Heights 823,20337536697,94985724,4723214
CenturyTel Inc.,Cumu Circle 290,10465557999,80684496,4991157
Williams Companies Inc,Uktac Park 306,20722216515,59974097,6147995
Apache Corporation,Cewmal Circle 839,10721297816,56009788,967254895
Maxim Integrated Products Inc.,Tagu Court 303,10266638252,19479496,919129747
Harris Corp.,Kiuc Point 077,10388547244,98497822,2652366
North Fork Bancorporation Inc,Nupze View 599,10137858412,21117580,936289668
Winn Dixie Stores Inc,Rofuh Center 759,20172924184,07120398,954525975
Ryder System Inc,Mudem River 543,20273648252,13789112,3724752
Jacobs Engineering Group Inc.,Ripit Parkway 623,10343661188,11277990,3111317
Kindred Healthcare Inc.,Lovwi Street 876,10568485146,66650275,972988562
Paccar Inc,Buuco Glen 608,10244145459,08559820,995681824
Cabot Corp,Coledi Turnpike 859,10191344149,34723374,986774652
Prudential Financial Inc.,Nago Junction 915,20362421517,43812528,4989393
United Rentals Inc,Fotid River 172,10362188495,64373385,979335669
TJX Companies Inc,Ziam Grove 803,20748375117,41709386,958726379
MasTec Inc.,Orug Extension 867,10475918571,86269559,967836828
Pharmacia Corp,Kaguv Path 773,20275726863,75866859,951741387
Timken Company,Vejji Park 729,10982572825,00573404,992961123
Dana Corporation,Ecbez Parkway 178,10949834262,20259365,6418486
PNM Resources Inc,Kojcaj Drive 328,10523155248,56331231,3184842
W.W. Grainger Inc,Poah Manor 439,10335236715,47079810,3513334
Applera Corporation,Jeni Drive 879,10913454172,14339627,6951487
Pulte Homes Inc,Gikdu Ridge 526,10327827683,23461580,5622535
American Express Company,Utoci Grove 461,20293831586,42150456,952687349
Transocean Inc,Urucus Court 243,10247672737,90066382,5499748
Yum Brands Inc.,Gesa Terrace 354,10881373358,14497941,5557846
UnitedHealth Group Incorporated,Zerso Extension 062,20341865175,60553103,996472935
CNF Inc.,Zuto View 901,10858565322,82489027,6182676
Newell Rubbermaid Inc,Ujkit Trail 098,20391663745,59970022,4445818
Darden Restaurants Inc.,Mekaf Way 195,10248769496,35339748,5944126
Providian Financial Corp.,Puaha Lane 869,20256158462,77478938,963383793
Tyson Foods Inc,Subbub Manor 990,20987462765,23098472,975834716
Fifth Third Bancorp,Awibot Grove 786,10313592196,97814560,2935395
Calpine Corp.,Fijdot Street 367,20625726154,30965292,2587775
MPS Group Inc.,Ejcem Park 506,20261922991,72709352,937767186
America West Holdings Corporation,Jebcod Way 132,10657546123,22514635,5665648
"Arch Coal, Inc.",Modwac Center 358,20181773428,33780107,2694374
Novellus Systems Inc,Peke Mill 913,20718788714,31883902,6677947
Equitable Resources Inc.,Hejo Square 933,10679193733,94212944,3333381
Pepsi Bottling Group Inc.,Zukleb Path 283,10196946449,83122118,947241552
"Peter Kiewit Sons', Inc.",Zalub Grove 560,20252892752,71560779,989884734
Safeco Corp,Diav Glen 546,10318868638,68184498,5739983
Michaels Stores Inc.,Sapde Court 430,20234313959,90132893,962539219
Mohawk Industries Inc.,Datobo Ridge 459,20641222732,68799845,3186469
Tenneco Automotive Inc.,Pewoz Mill 607,10883346173,37027383,4858731
Ace Hardware Corporation,Anbun Square 777,10953595534,45976249,2523285
Praxair Inc,Zudi Highway 924,10752314965,99256334,913596166
National Semiconductor Corporation,Jeze Lane 386,20437914938,48484186,4668529
Tower Automotive Inc.,Zitmic Manor 595,20311553996,33214214,925527665
Tektronix Inc,Tehof Path 040,10976159556,68952113,2132241
Burlington Northern Santa Fe Corporation,Fopre Heights 585,20831739873,36861184,918618816
Great Lakes Chemical Corporation,Gegnil Grove 149,20277867734,93110636,4811788
Avery Dennison Corporation,Deif Point 988,20519522745,93767019,2251669
Lockheed Martin Corporation,Vuto Drive 727,20576937159,11324866,955893636
Ceridian Corp.,Bofosa Avenue 641,10794845142,78766659,994611794
Cisco Systems Inc.,Kazrov Parkway 104,20298673774,53996653,948919775
Teradyne Inc,Ebgaz Pike 205,10328812818,71375462,2576713
Owens & Minor Inc.,Wofir Way 310,10615915884,26061495,957622798
Textron Inc,Mighis Pass 335,20499461952,33653965,973152536
Murphy Oil Corporation,Ulopo Circle 408,20145467565,30512992,5185417
Charter One Financial Inc.,Zepet Turnpike 255,20358429415,34890993,983473763
Calpine Corp.,Nadoze Point 307,10459716293,70079562,2824798
Lennar Corporation,Inead Trail 220,10496818789,41273547,988871386
CMS Energy Corp.,Sicu Way 863,20247374788,93034139,917412339
Stilwell Financial Inc,Wiebi Mill 920,20365624416,56450989,927162221
Kennametal Inc.,Centaz Street 564,20435964383,85475379,5164877
Boston Scientific Corporation,Sugja Glen 000,10521295686,67507119,982237437
MGM Mirage,Upla Extension 809,10664115632,12562275,5799281
Sun Microsystems Inc.,Etozu Loop 806,20751283893,37684580,2361566
Werner Enterprises Inc,Jozvi Road 272,10863823547,17768994,939978137
MGM Mirage,Ovjig Heights 796,10626158272,86486602,2412251
"Burlington Industries, Inc.",Lazda Pike 626,20779998333,17783333,964597447
L-3 Communications Holdings Inc.,Iwlo Park 595,20128458777,50777453,5759254
Sun Healthcare Group Inc.,Jowo Park 374,20772572292,40167198,4591797
Household International Corp.,Caghaj Street 078,10214347243,26709627,3956158
Potlatch Corp,Ikoha Plaza 409,10787411616,88013224,5785523
Echostar Communications Corporation,Nujo Place 641,10842236885,61128708,3425693
Hughes Supply Inc.,Comzi Glen 172,10569625962,17143401,976423263
WGL Holdings Inc,Tuvni Key 960,10985829183,84448920,962478673
Silicon Graphics Inc,Jole Extension 108,20437632661,62869151,2193328
General Dynamics Corporation,Meeh Path 643,10245477283,36736368,6754314
"Barnes & Noble, Inc.",Boar Road 621,20733269775,07569049,6888717
Diebold Incorporated,Efpe Point 345,20658697127,57626690,995418217
Graybar Electric Company Inc.,Rogop Parkway 570,10142863884,94453387,978452244
Bed Bath & Beyond Inc.,Zoviho View 431,20674431184,01391394,971171193
Merrill Lynch & Co. Inc.,Hipa Turnpike 154,10958622961,18580046,2714196
Rockwell Automation Inc,Laigo Drive 579,20163711972,05719660,3845852
Comverse Technology Inc.,Honak Court 732,20774688946,02777034,3682882
Parker Hannifin Corp.,Anpi Mill 183,10565446222,32977587,913259254
MBNA Corporation,Ofura Boulevard 569,10776795854,55556011,6839425
Cintas Corp.,Gucke Extension 328,10532128497,50913135,2569746
Perot Systems Corp,Avte Highway 163,20864471243,00030625,965928347
National Oilwell Inc,Vimruz River 804,20535294265,72334820,922481843
"Armstrong Holdings, Inc.",Doid Glen 772,10651689262,30337664,3382695
Ryder System Inc,Otoza Trail 198,20131479297,91548861,921867641
"Brinker International, Inc.",Mensip Junction 345,20889165296,16322764,928378158
Pioneer-Standard Electronics Inc.,Keipo Path 473,10613134459,30561846,968378432
Gentek Inc.,Lekot Center 438,10657171448,05986408,983295815
UGI Corporation,Tajuh Boulevard 066,20848867236,50449578,932253963
"Analog Devices, Inc.",Imzut Loop 763,10197125576,24351002,6364579
Dell Computer Corporation,Hinfiz Place 001,20287783966,84514978,921369458
Deere & Company,Newe Highway 274,20817632176,52525842,954127399
"Barnes & Noble, Inc.",Wiligu Terrace 483,10736396824,27644559,4344693
Xcel Energy Inc,Ugibic Manor 603,10371567913,11970177,975299829
Avery Dennison Corporation,Bacuf Center 027,10775271712,69283250,3654231
Qualcomm Inc,Huje Heights 363,20115161474,21491350,945638288
Delphi Corp.,Ocgun Drive 011,10188716949,79635437,6629982
Weatherford International Inc,Weru Highway 075,20965194252,28752538,951389296
Norfolk Southern Corporation,Lafon Path 089,10762844958,93084426,6955551
Emerson Electric Co.,Makled Trail 995,10435352994,27245218,924733436
Unisys Corporation,Geab View 486,10984354668,20109606,964746462
AMC Entertainment Inc.,Matwef Grove 600,20476312575,17379270,957528156
Kerr-McGee Corporation,Erzi Extension 503,10989389325,99108098,6796675
La-Z-Boy Inc.,Zafaba Drive 133,10815316593,58050906,988154699
WorldCom Inc,Jujiha Road 837,10213419444,96956738,6512753
US Oncology Inc,Tale Center 250,20591355345,73890948,2931529
Gap Inc.,Suzog Point 045,20385759586,32466207,915533543
Fleetwood Enterprises Inc.,Figu Boulevard 326,10141328815,39274909,922513857
Collins & Aikman Corp.,Luhbuk River 176,10989263271,32669835,2255984
Wyndham International Inc,Uzujuk Key 863,20837523445,33748846,986167958
Maxxam Inc.,Nikkac Boulevard 397,10529236871,44564565,916431318
Provident Financial Group,Makjib Terrace 486,20279662639,97951102,4473996
Delphi Corp.,Nevom Heights 820,10615137266,33872149,3129589
The McGraw-Hill Companies Inc.,Redeg Court 961,20535471635,10302629,5646497
PeopleSoft Inc,Baaha Lane 972,10377246662,92552376,972839319
"Brown Shoe Company, Inc.",Iserip Court 181,10239742175,07779131,941893972
Ashland Inc.,Ezha Grove 795,10333536736,98668316,937815765
Sunoco Inc.,Fikof Place 794,10788833392,03921233,915589257
Metaldyne Corporation,Vuzka Way 534,20956119594,14374209,5924895
PepsiCo Inc.,Wuabu Extension 422,20556458394,67747188,996336429
Ruddick Corp,Vazav River 530,10993798143,27864155,975666661
Chubb Corp,Tudko Plaza 212,10772558246,35531927,2775967
Polaris Industries Inc.,Nuebo Center 046,20353716448,04227288,3867298
Hilton Hotels Corp.,Hesbek Pike 022,20168459122,26738851,923128973
Kelly Services Inc.,Ogeru Circle 679,10773153614,54258774,2112391
Ecolab Inc.,Pette Way 069,10462295863,15510616,985923561
Burlington Resources Inc.,Tiace Way 304,10172282463,60317245,2663654
Pharmacia Corp,Bisit Grove 903,10855348255,70413261,961912554
The Bear Stearns Companies Inc.,Fetiwe Court 096,20194238133,45559700,967478347
GATX Corporation,Comkez Key 854,10878942433,34369307,927946429
WPS Resources Corporation,Tafwi Court 283,20196922251,00185742,937839574
Bethlehem Steel Corporation,Gahek Boulevard 704,20316532477,54395133,3365917
National Fuel Gas Company,Beltal Road 966,10162664945,60449335,935321274
Alberto-Culver Company,Ivuwi Manor 007,20582331362,59344485,6573982
Fluor Corp,Hovbuv Road 145,20376959774,67741305,955817955
Bed Bath & Beyond Inc.,Etha Glen 880,20325311964,54998198,3429412
Torchmark Corporation,Uhbo Grove 461,10541454866,21637365,2846527
Noble Energy Inc,Hejdib Boulevard 895,10158781951,03120547,971681585
Publix Super Markets Inc.,Mocsuh View 463,20779248754,08990525,3558612
NTL Incorporated,Cudil Pike 257,10244789133,81809067,2521651
Intuit Inc.,Sizwur Pike 142,10636195792,17991968,4238483
PolyOne Corp,Jaha Pass 213,20494986338,05358746,979989843
Hibernia Corp.,Diof Loop 327,10596971735,57976977,6772951
Hub Group Inc.,Aweji Park 975,20241141499,36157388,957691824
Georgia-Pacific Corporation,Loklat Pike 602,20862485315,98870401,959186239
"Borders Group, Inc.",Tosfaf Highway 466,10591527985,16968368,3157881
Community Health Systems Inc.,Rocuni Grove 427,20674235885,81878761,971149586
Science Applications Intl. Inc.,Nihe Path 461,10762541643,17865149,976362975
Metris Companies Inc,Marvuh Circle 413,20479771614,75681320,5583513
Office Depot Inc.,Nieh Plaza 946,20253898283,04935407,949813748
Bell Microproducts Inc.,Binbek Parkway 832,20929445577,80878577,6914374
NCR Corporation,Fospev Court 340,20862725854,44649616,4923566
Georgia Gulf Corporation,Kesda Junction 396,10977514315,59348998,969258552
The Clorox Co.,Vorap Road 366,10521171232,93064017,3417482
Williams Sonoma Inc,Zuvuj Place 885,20745764311,05318485,4159642
"ALLETE, Inc.",Cubuf View 974,10744886663,97946701,935372361
Radio Shack Corporation,Mianu Park 866,20699873662,05242551,948284372
Atmos Energy Corporation,Hakuk Loop 087,10656199796,19433102,988551145
"Dollar Tree Stores, Inc.",Terad Place 699,10848626113,96363930,2245554
Flowserv Corp,Jibnu Mill 589,20495844472,43595992,3538355
"Brinker International, Inc.",Evjo Grove 988,20741765918,03576588,955945719
Murphy Oil Corporation,Ajilo Court 905,10349335325,75458603,3756471
La-Z-Boy Inc.,Bessij Drive 178,10323775291,45893916,959712689
Synovus Financial Corp.,Irewe Extension 190,20568697778,48750155,5349443
ACT Manufacturing Inc.,Gisi Key 704,10536846312,35530915,5818694
Merrill Lynch & Co. Inc.,Ebnim Path 702,10783979797,20036767,921859212
Apartment Investment and Management Company,Wates Park 367,10828835555,27833162,4488268
Novellus Systems Inc,Lirtaf River 968,20347363538,31574919,4616614
Champion Enterprises Inc.,Etezuj Lane 520,10576229954,75445451,4342185
Fleming Companies Inc.,Uzfug Ridge 279,10131143777,99577484,946536213
Alliant Energy Corporation,Nitod Place 434,20458543262,20554892,4339149
Ross Stores Inc,Tutbil Heights 736,20657683641,23777632,945398377
MetLife Inc.,Agad Road 269,10667741233,23576760,5332893
"D&K Healthcare Resources, Inc.",Ludvuw Parkway 472,10121672824,03849667,957115487
National Oilwell Inc,Foono Highway 106,20586828192,19231313,935324477
IMC Global Inc.,Ruzos Court 144,20398398593,00563457,4583532
"Ames Department Stores, Inc.",Jojiru Parkway 942,10236978819,11125200,3929643
Timken Company,Refdam Parkway 990,10784484915,02015399,928889299
Henry Schein Inc.,Kihug Terrace 059,10996847956,77175081,947691351
Questar Corp,Igecu Way 202,20668299251,90901755,923863819
Sanmina-SCI Inc,Vevap River 323,20585569354,73861772,982951168
AmSouth Bancorp.,Ovebev Path 222,20174358771,44678531,954731696
AMERCO,Jaagu Manor 344,20117827923,59190892,951949781
Sovereign Bancorp Inc.,Hifruv Ridge 052,20858189225,11799896,6475361
Kelly Services Inc.,Ahuhi Trail 272,10436756611,75540597,4826138
Oracle Corp,Itibi Point 673,10664328142,45272936,927475991
Whole Foods Market Inc,Boav Point 842,20592144886,42915360,4847778
Microsoft Corporation,Upwo Grove 271,10723174832,66877186,914419639
Ingles Market Inc,Pilik Lane 595,10751738151,76047291,994765341
Spartan Stores Inc,Telo Heights 718,10385782433,87644955,4795619
H.J. Heinz Company,Souje River 030,10283787283,40390559,967123722
Walgreen Co,Wori River 863,10141161571,59452825,5842774
DQE Inc.,Gohip Court 128,20181589875,79417131,928171198
Dun & Bradstreet Inc.,Ogtad Turnpike 418,10354594737,87092203,4191222
Adelphia Communications Corporation,Hogok Way 650,10734837289,69480216,4334726
Wisconsin Energy Corporation,Biliw River 399,20497987718,86566838,6845866
State Street Corp.,Tafoku Manor 912,20273792182,96339218,959961881
"Earthlink, Inc.",Hikni View 500,10782144251,24057171,938442879
Burlington Resources Inc.,Elpo Key 136,10535176637,09591241,4322544
"AutoZone, Inc.",Fosme Boulevard 771,10742362887,92760179,988452538
Jabil Circuit Inc.,Risab Plaza 721,10772286196,04161813,6931357
Toll Brothers Inc,Opewoz Plaza 633,20444324565,44861457,2457173
Dillard's Inc.,Tunhel Park 414,20492356377,81948831,2532489
AFLAC Incorporated,Sodkas Grove 845,20436242421,16579575,953248766
Sierra Health Services Inc,Gulke Circle 369,10733196745,09368354,5184538
Kroger Co.,Dozos Pass 290,10265431133,20769480,969195636
Fortune Brands Inc.,Vobob Key 089,10768374841,59265623,923542632
Valero Energy Corporation,Fohu Point 426,10288796871,66496857,938243677
Nordstrom Inc,Hovliz Manor 373,10654317548,36350941,977881689
The Neiman Marcus Group Inc.,Gecbas Avenue 634,10165582645,78564706,6336925
Collins & Aikman Corp.,Ledir Turnpike 871,10283629144,81701666,2857339
SCI Systems Onc.,Maif Parkway 665,10469955719,21259946,927437365
Trinity Industries Inc,Nangub Glen 785,20943286873,69488592,972127843
Pactiv Corp,Gedsil Square 455,20838394181,36659093,986785137
Performance Food Group Co.,Jezfi Junction 468,20237686783,81710505,992761856
TravelCenters of America Inc.,Butruv Glen 824,20236534323,32130771,982177269
Cendant Corp,Fabo Street 143,10341554927,97514741,925963329
Cisco Systems Inc.,Tiena Path 664,20776278132,00499975,911554759
Peoples Energy Corp.,Cakon Road 922,10238192612,69655488,928398749
PETsMART Inc,Zoju River 468,10259882447,04920233,2117295
PolyOne Corp,Rekac Circle 402,10783659786,83962173,976441741
Unocal Corporation,Ezaduz Drive 977,20424663611,67411720,928673176
MDU Resources Group Inc.,Nuwon Turnpike 676,20972799672,56482198,921536932
Hartford Financial Services Group Inc.,Dazat Pass 511,20489251597,08140001,5127769
Countrywide Credit Industries Inc.,Cero Grove 513,20787663771,19392327,3756935
Granite Construction Incorporated,Refug Drive 763,10561365371,13475152,915572232
Family Dollar Stores Inc.,Jacoh Heights 420,10183514229,20321749,4863978
Carlisle Cos. Inc.,Umasod Circle 229,20853339148,01744577,4989921
H&R Block Inc.,Juzej Plaza 184,20154122524,22751691,934593311
Reebok International Ltd.,Uchag Manor 521,10712241111,06515930,942852855
Avery Dennison Corporation,Woiwe Lane 802,10319511311,29701843,5996751
Bed Bath & Beyond Inc.,Advu Turnpike 061,10729783362,13630881,5133382
GenCorp Inc.,Ipkuz Square 926,20148287658,23811537,918863481
Lincoln National Corporation,Esabe Center 314,20561347756,69765753,4734672
Wal-Mart Stores Inc,Jevmi Trail 514,20323211352,62256788,911172956
L-3 Communications Holdings Inc.,Nigah Pass 860,20117847842,41578759,2232813
Potomac Electric Power Co.,Lara Extension 998,10755253797,63645861,941369468
Western Digital Inc,Zifiw Way 225,20448319978,58770611,5726695
UGI Corporation,Caheg Lane 701,10993919453,02201900,2112645
The Boeing Company,Folda Pike 551,20784657986,93129903,934177128
Mellon Financial Corporation,Caka Plaza 770,20446278956,02310807,4124522
Hillenbrand Industries Inc.,Zefi Way 744,20749263217,98288550,923591139
Popular Inc,Nacib Highway 774,10978314598,10756270,3733413
"Becton, Dickinson and Company",Gabi Glen 551,20715424527,26733270,967461966
Principal Financial Group Inc.,Wugo Court 675,20774645823,77931477,928326163
NCR Corporation,Huso Pike 173,10832425473,30489508,993499514
American Express Company,Emuvu Lane 095,10512337929,18761667,2998358
Coca-Cola Enterprises Inc.,Fokow Center 723,20139372839,77335722,4835424
Johnson & Johnson,Ewov Junction 399,20738521561,99856101,925998529
"AdvancePCS, Inc.",Bepe Junction 436,20917677898,51398814,6446364
Union Planters Corp,Ipuefe Court 463,10228711867,61289855,4372484
WestPoint Stevens Inc,Gekve Pass 928,10688512247,47490583,2289515
FMC Corp,Pajenu Way 228,10249979293,27694415,3698245
Southern Union Company,Bahe Plaza 072,10138515637,32602485,933389918
Lands' End Inc.,Sopo Lane 737,20135947878,77045622,976878555
USA Interactive,Dehiz Way 252,20317956861,39475032,5236197
Bausch & Lomb Incorporated,Fekvuj Center 075,10178534731,55982742,952684162
Collins & Aikman Corp.,Giweh Circle 571,10589164698,69342200,916245899
"E*Trade Group, Inc.",Zikari Pike 945,10417352661,58628854,3265139
Lennar Corporation,Adabo Highway 633,10363548311,99664559,3492417
ServiceMaster Co,Kuedu Boulevard 525,20354256138,32737958,939443294
Veritas Software Corporation,Sunka Glen 507,10578239577,76239539,914179879
Dillard's Inc.,Ofijom Terrace 984,20665392516,22971023,5828755
The McGraw-Hill Companies Inc.,Vifi Ridge 984,20438877535,62885522,987963191
Adelphia Communications Corporation,Jiowi Extension 020,20754453538,98426020,965578668
Sears Roebuck & Co,Joha Road 359,20449973169,47774458,912234612
Valspar Corporation,Enrur Pass 037,10113992919,69279029,991554443
Rock-Tenn Co,Neid River 900,20611341514,62733847,6889712
First Tennessee National Corp.,Abiuji Circle 540,10634913289,96090441,4544941
ConAgra Foods Inc.,Ogta Avenue 055,20511257624,49528224,995981994
Herman Miller Inc.,Hera Plaza 236,10547578543,96275849,3674416
Bausch & Lomb Incorporated,Rakha Court 159,10917743367,79152574,2918495
"Applied Industrial Technologies, Inc.",Epud Terrace 997,20355197262,88362910,6416974
"Amkor Technology, Inc.",Rebuja Key 625,20234663266,85208188,4893114
Rohm & Haas Co.,Figo Manor 250,20141266646,72242227,2723493
IMS Health Inc.,Vuvonu Square 603,20298796729,28154185,3991382
Rent A Center Inc,Sowvuf Court 632,20176618339,18507198,2861568
"Best Buy Co., Inc.",Woovu Grove 413,10878951281,98611037,984272439
Crompton Corp.,Ajfat River 825,10243475897,80137027,4385636
VF Corporation,Rafo Extension 120,20745987853,23992170,968377118
Pentair Inc,Owiojo Plaza 574,10955554629,09222932,925659631
Golden State Bancorp Inc.,Urbu Circle 580,20721424225,11291663,978947991
Apache Corporation,Delji Center 837,10938456386,83930644,938633339
AOL Time Warner Inc.,Irlot Road 273,10682671827,81273988,953649227
"Pep Boys Manny, Moe & Jack",Racu Square 744,20256842693,88943848,998219346
Stewart Information Services Corp,Kewcub Road 835,20668628669,36293208,3261822
"AdvancePCS, Inc.",Ligsiw Terrace 189,10124533853,06247672,2535454
"Best Buy Co., Inc.",Wulum Junction 916,20743135736,93508859,945868931
The May Department Stores Company,Elenij River 399,20567346142,74468281,974363551
Unified Western Grocers Inc,Umoso Pike 501,10946292724,95363426,945459279
NiSource Inc,Tesso Square 836,10616721481,96270326,986572844
Temple-Inland Inc,Ajtev Place 002,10551671562,63591769,5918424
Cooper Cameron Corp.,Iweza Center 025,10173787841,26159229,951214788
Saks Inc,Forwer River 678,20879276751,39653755,2293836
Anadarko Petroleum Corporation,Revsu Place 577,20722594722,71844137,941644619
Pinnacle West Capital Corp,Roena Lane 025,10457629942,17767234,2296988
Michaels Stores Inc.,Mogti Heights 965,10991372513,38569233,5758888
Safeco Corp,Jebu Turnpike 907,10241912948,84372610,956422726
Regis Corporation,Piswaf Street 318,20634523899,90969347,4328847
Outback Steakhouse Inc.,Timu Road 396,10877383845,24716980,5959337
United Defense Industries Inc.,Ropalu Loop 385,20268967685,29939622,927788132