id,detalle,precio
265221,ECOLOGICO NOTEX,"S/.1.230,00"
2125023101,ANTISTRESS,"S/.1.695,00"
26534F,GEMINIS JACKARD,"S/.1.690,00"
265581,ECOLOGICO NOTEX EST,"S/.2.630,00"
2126030201,OXYGEN,"S/.2.195,00"
265222,ECOLOGICO POLIALGODON,"S/.1.240,00"
265A29,SUPER FOAM JACKARD,"S/.1.685,00"
2125040101,SIMMONS BEAUTYSLEEP,"S/.1.680,00"
265226,DIAGONAL POLIALGODON,"S/.1.140,00"
2115020691,5 ESTRELLAS,"S/.1.680,00"
2915010004,PRINCE,"S/.1.680,00"
265223,DORMIDITA NOTEX,"S/.860,00"
2115031091,XEON,"S/.1.675,00"
213006,ACQUA VARIOS,"S/.1.670,00"
265225,DORMIDITA POLIALGODON ACOLCHADO,"S/.1.110,00"
284344,HOTELERO 5 ESTRELLAS,"S/.1.665,00"
2125040801,SIMMONS BEAUTYREST WORLD CLASS,"S/.1.660,00"
265224,DORMIDITA POLIALGODON,"S/.1.290,00"
267321,BARI,"S/.1.660,00"
267342,SEVILLA,"S/.1.660,00"
265228,SUPER FOAM DRILL,"S/.830,00"
2125022191,HOTEL CONCEPT,"S/.1.655,00"
2125041401,SIMMONS HYDE PARK PLUSH,"S/.1.655,00"
265528,SUPER FOAM DRILL,"S/.2.640,00"
26548J,COOL MAX SUMMER,"S/.2.190,00"
284341,HOTELERO 7 ESTRELLAS,"S/.1.655,00"
265229,SUPER FOAM JACKARD,"S/.1.060,00"
2115020501,4 ESTRELLAS,"S/.1.650,00"
267012,POOH,"S/.695,00"
265529,SUPER FOAM JACKARD,"S/.2.365,00"
2136011602,SUPER FOAM POLIALGODON,"S/.2.185,00"
265227,SUPER FOAM POLIALGODON,"S/.830,00"
2843A8,ACQUA CIRCULACION ADVANCE,"S/.1.650,00"
284346,HOTELERO 3 ESTRELLAS,"S/.1.650,00"
265527,SUPER FOAM POLIALGODON,"S/.2.540,00"
4916040010,SIMMONS FOUR POINTS EUROTOP SHERATON,"S/.2.180,00"
26524I,CONTIFLEX DRILL X,"S/.890,00"
284302,POCKET RAICES CARAL,"S/.1.650,00"
26524F,GEMINIS JACKARD,"S/.1.090,00"
2843S1,SIMMONS BEAUTYREST AUDRINA LUX FIRM,"S/.1.650,00"
284318,CONTINENTAL ACQUA REPOSE,"S/.1.645,00"
26554F,GEMINIS JACKARD,"S/.2.260,00"
2126020191,VENTUS,"S/.2.180,00"
267047,ANTARES,"S/.690,00"
26522B,SUPER FOAM DRILL,"S/.940,00"
284372,VISCOELASTIC POCKET PT,"S/.1.645,00"
265322,ECOLOGICO POLIALGODON,"S/.1.640,00"
4916040018,SIMMONS - TRUE ENERGY ADVANCE,"S/.2.180,00"
2137011601,SUPER FOAM DRILL X,"S/.2.535,00"
26522C,SUPER FOAM JACKARD,"S/.1.060,00"
2843A2,AERO AROMATERAPIA,"S/.1.640,00"
458395,TC MERCURY PT,"S/.1.640,00"
26552C,SUPER FOAM JACKARD,"S/.2.510,00"
2844A4,ACQUA CIRCULACION,"S/.2.170,00"
26522A,SUPER FOAM POLIALGODON,"S/.1.070,00"
2115030301,ENERGY,"S/.1.635,00"
458325,SIMMONS BEAUTY REST - WESTBURY RECHARGE,"S/.1.635,00"
26552A,SUPER FOAM POLIALGODON,"S/.2.685,00"
458496,OMEGA PT,"S/.2.165,00"
265321,ECOLOGICO NOTEX,"S/.1.630,00"
26527H,TOP FLEX JACKARD X,"S/.1.020,00"
2125024001,VISCO CARBON,"S/.1.630,00"
2843B8,HOTELERO DRIMER CONCEPT,"S/.1.630,00"
26537H,TOP FLEX JACKARD X,"S/.1.625,00"
2115023601,TERRA BAMBOO,"S/.1.625,00"
2134020101,ANTISTRESS,"S/.890,00"
2663A7,TERRA LATEX FRESH,"S/.1.620,00"
2137020101,ANTISTRESS,"S/.2.445,00"
4916040009,SIMMONS EVIE PLUSH LUX FIRM,"S/.2.160,00"
26528J,COOL MAX SUMMER,"S/.850,00"
2115020401,3 ESTRELLAS,"S/.1.620,00"
26558J,COOL MAX SUMMER,"S/.2.690,00"
2844160000,CONTINENTAL REAL REPOSE,"S/.2.160,00"
458350,POCKET ICOMFORT HYBRID OBSERVER,"S/.1.620,00"
26522E,ELASTIC FOAM DRILL,"S/.1.220,00"
267334,VISCOELASTIC POCKET,"S/.1.620,00"
2914020003,SOYA SOFT,"S/.1.615,00"
267042,SEVILLA,"S/.690,00"
26552E,ELASTIC FOAM DRILL,"S/.2.230,00"
458434,SIMMONS BEAUTYREST RECHARGE AUDRINA LUXURY FIRM,"S/.2.160,00"
26522D,ELASTIC FOAM POLIALGODON,"S/.1.010,00"
26552D,ELASTIC FOAM POLIALGODON,"S/.2.335,00"
2126011101,REPOSE,"S/.2.155,00"
2125040901,SIMMONS BEAUTYREST WORLD CLASS PT,"S/.1.615,00"
267377,FIRENZE ALOE VERA PT,"S/.1.615,00"
2652BE,HIPERSOFT DRILL,"S/.860,00"
2915020095,POCKET DREAM,"S/.1.615,00"
4916040011,SIMMONS HEAVENLY,"S/.2.155,00"
2111011591,SIR REPOSE,"S/.690,00"
26527G,OMEGA JACKARD,"S/.980,00"
2115050101,SERTAPEDIC WAITROSE,"S/.1.615,00"
284310,AYLLU URPI,"S/.1.610,00"
26554G,OMEGA JACKARD,"S/.2.565,00"
267496,OMEGA PT,"S/.2.155,00"
26526N,TERRA COTTON,"S/.980,00"
267308,BAVENO,"S/.1.610,00"
284313,INTERMEDIO OUTLET,"S/.1.610,00"
26556N,TERRA COTTON,"S/.2.625,00"
2916010007,SIPAN,"S/.2.150,00"
465261,DRILL ACC,"S/.1.060,00"
465262,DRILL S/ACC,"S/.1.000,00"
465281,DRILL ACC,"S/.850,00"
2115022201,LATEX ACTIPRO,"S/.1.610,00"
458348,POLISEDA GALAXY,"S/.1.610,00"
466501,ICOMFORT GUIDANCE,"S/.2.315,00"
2116020401,3 ESTRELLAS,"S/.2.150,00"
266347,DRIMER FUTURPEDIC,"S/.1.605,00"
4137050201,SERTA GUIDANCE,"S/.2.395,00"
458446,OMEGA,"S/.2.150,00"
2662A3,ACQUA CIRCULACION,"S/.950,00"
2843080002,DRIMER GEMINIS,"S/.1.605,00"
2147020801,ACQUA CIRCULACION,"S/.2.305,00"
2116050101,SERTAPEDIC WAITROSE,"S/.2.150,00"
2662A4,ACQUA SPORT,"S/.930,00"
2125040491,SIMMONS BEAUTYREST FELICITY,"S/.1.600,00"
2665A4,ACQUA SPORT,"S/.2.205,00"
284495,TECHNODREAM OXYGEN,"S/.2.150,00"
266220,ACTIPRO,"S/.1.200,00"
4915010001,ACQUA C/POLISEDA,"S/.1.600,00"
266520,ACTIPRO,"S/.2.445,00"
2844C4,DRIMER ALOE VERA,"S/.2.145,00"
2144022301,ANTIACAROS,"S/.1.170,00"
284345,HOTELERO 4 ESTRELLAS,"S/.1.600,00"
2147022301,ANTIACAROS,"S/.2.375,00"
265428,SUPER FOAM DRILL,"S/.2.140,00"
266217,CIC,"S/.1.020,00"
2115030891,QUANTUM,"S/.1.600,00"
267045,PREMIUN,"S/.665,00"
266517,CIC,"S/.2.335,00"
284450,AERO AIRFRESH,"S/.2.140,00"
2115040101,SIMMONS BEAUTYSLEEP,"S/.1.600,00"
2144020101,CROMO,"S/.1.000,00"
466301,ICOMFORT GUIDANCE,"S/.1.595,00"
2147020101,CROMO,"S/.2.460,00"
2844B5,VISCO ANTISTRESS,"S/.2.140,00"
266246,DRIMER,"S/.1.260,00"
2125020101,VENTUS,"S/.1.595,00"
2115020201,MANTRA,"S/.1.590,00"
2911020003,SOYA BB,"S/.645,00"
266546,DRIMER,"S/.2.595,00"
2916021801,GEMINIS,"S/.2.135,00"
2144020391,DRIMER FOREVER YOUNG,"S/.1.280,00"
458346,OMEGA,"S/.1.590,00"
2147020301,DRIMER FOREVER YOUNG,"S/.2.230,00"
267473,TARENTO PT,"S/.2.135,00"
266247,DRIMER FUTURPEDIC,"S/.1.030,00"
2843B4,SILVER,"S/.1.590,00"
266547,DRIMER FUTURPEDIC,"S/.2.565,00"
265481,ECOLOGICO NOTEX EST,"S/.2.130,00"
2144020401,DRIMER ZEN,"S/.800,00"
2915020012,FUTURPEDIC,"S/.1.585,00"
2147020401,DRIMER ZEN,"S/.2.395,00"
4916040001,SIMMONS ST. CHAPELLE,"S/.2.130,00"
2144020201,ESENCIA,"S/.1.160,00"
266332,RIZZOLI,"S/.1.585,00"
2147020201,ESENCIA,"S/.2.290,00"
267441,ORION,"S/.2.130,00"
2144021691,FIAMMA THERMOCONTROL,"S/.1.230,00"
266374,SILVER,"S/.1.585,00"
2147021601,FIAMMA THERMOCONTROL,"S/.2.490,00"
26544G,OMEGA JACKARD,"S/.2.125,00"
2125030101,VISCO,"S/.1.585,00"
2914020092,FIRM,"S/.1.220,00"
2915010098,RUNA,"S/.1.585,00"
267011,MICKEY,"S/.645,00"
2917020005,FIRM,"S/.2.340,00"
2126023191,ANTISTRESS,"S/.2.120,00"
2665AK,FLEXICUP,"S/.2.535,00"
4126041801,SIMMONS SWEET SLEEPER EURO SHERATON,"S/.2.120,00"
2914020013,FUTURPEDIC,"S/.1.250,00"
267373,TARENTO PT,"S/.1.585,00"
2917020006,FUTURPEDIC,"S/.2.295,00"
267425,SAN REMO,"S/.2.120,00"
266232,RIZZOLI,"S/.1.280,00"
2843C3,QUBO ALOE VERA,"S/.1.580,00"
458329,SIMMONS BEAUTY REST - SHERATON SWEET SLEEPER EURO,"S/.1.580,00"
26504C,SUPER FOAM,"S/.640,00"
266532,RIZZOLI,"S/.2.460,00"
2916010002,CARAL,"S/.2.115,00"
2144022601,SILHOUETTE,"S/.1.200,00"
2147022601,SILHOUETTE,"S/.2.605,00"
4126041201,SIMMONS FELICITY RECHARGE,"S/.2.115,00"
266274,SILVER,"S/.820,00"
284304,POCKET RAICES NAZCA,"S/.1.575,00"
266574,SILVER,"S/.2.470,00"
284444,HOTELERO 5 ESTRELLAS,"S/.2.115,00"
2662A7,TERRA LATEX FRESH,"S/.1.250,00"
2915023901,TERRA SOYAMBOO,"S/.1.575,00"
2665A7,TERRA LATEX FRESH,"S/.2.420,00"
2916210001,SAN MARINO PT,"S/.2.115,00"
2125040591,SIMMONS BEAUTYREST HYBRID,"S/.1.570,00"
266046,DRIMER,"S/.635,00"
458397,JACKARD GALAXY PT,"S/.1.570,00"
467301,MIRACOIL HILTON SUITE DREAMS,"S/.1.570,00"
2915010003,PT,"S/.1.570,00"
2124020401,ACQUA VISCO,"S/.1.080,00"
458326,SIMMONS BEAUTY REST - RECHARGE,"S/.1.570,00"
2127020401,ACQUA VISCO,"S/.2.290,00"
2844S4,SIMMONS BEAUTYREST PT AUDRINA LUX FIRM,"S/.2.115,00"
2124020991,ACTIPRO,"S/.1.110,00"
2843S5,SIMMONS WORLD CLASS PT JAELYN LUX FIRM,"S/.1.570,00"
2127020901,ACTIPRO,"S/.2.250,00"
267405,BELLISIMA AKTUAL,"S/.2.110,00"
2124021091,AERO AIRFRESH,"S/.1.270,00"
2915010021,URPI,"S/.1.570,00"
2127021001,AERO AIRFRESH,"S/.2.585,00"
2844170000,CONTINENTAL REPOSE,"S/.2.110,00"
2124020501,AERO LATEX,"S/.840,00"
284306,WARI KUELAP,"S/.1.570,00"
26535A,SUPER FOAM POLIALGODON,"S/.1.565,00"
2127020501,AERO LATEX,"S/.2.585,00"
2844B6,POCKET ANTISTRESS,"S/.2.110,00"
2124023191,ANTISTRESS,"S/.950,00"
2145020801,ACQUA CIRCULACION,"S/.1.565,00"
2127023101,ANTISTRESS,"S/.2.585,00"
267447,POCKET LATEX,"S/.2.110,00"
2124020301,BOTANIA,"S/.1.030,00"
2843620002,DRIMER OMEGA,"S/.1.565,00"
2127020301,BOTANIA,"S/.2.620,00"
2844B4,SILVER,"S/.2.110,00"
2914010010,CARAL,"S/.860,00"
2115030391,ENERGY,"S/.1.565,00"
2917010001,CARAL,"S/.2.435,00"
266432,RIZZOLI,"S/.2.105,00"
2124030701,DREAM,"S/.1.240,00"
2915020004,GEMINIS PT,"S/.1.565,00"
2127030701,DREAM,"S/.2.615,00"
2844A7,FIAMMA THERMOCONTROL,"S/.2.105,00"
2124030491,GRAVITY,"S/.880,00"
4915040003,SIMMONS SLEEP PLUSH,"S/.1.560,00"
2127030491,GRAVITY,"S/.2.325,00"
2126040791,SIMMONS BEAUTYREST RECHARGE PT,"S/.2.100,00"
2124022101,HOTEL CONCEPT,"S/.1.120,00"
284314,CONTINENTAL SIR REPOSE,"S/.1.560,00"
2127022101,HOTEL CONCEPT,"S/.2.495,00"
2126030101,VISCO,"S/.2.100,00"
2124022401,LATEX BAMBOO,"S/.850,00"
2125022401,LATEX BAMBOO,"S/.1.555,00"
2127022401,LATEX BAMBOO,"S/.2.515,00"
267446,OMEGA,"S/.2.100,00"
2127022501,LATEX FLEXICUP,"S/.2.525,00"
458424,SIMMONS BEAUTY REST - FELICITY RECHARGE,"S/.2.100,00"
2914020014,LATEX SILVER,"S/.990,00"
284343,TECHNODREAM ZENTRIX,"S/.1.555,00"
2917020007,LATEX SILVER,"S/.2.410,00"
2116023601,TERRA BAMBOO,"S/.2.100,00"
2914010012,NAZCA,"S/.1.210,00"
2843C4,DRIMER ALOE VERA,"S/.1.550,00"
2917010003,NAZCA,"S/.2.325,00"
2146020101,CROMO,"S/.2.095,00"
2124030201,OXYGEN,"S/.1.260,00"
284397,TECHNODREAM FIT,"S/.1.550,00"
4126041501,SIMMONS LUXURY COLLECTION TOP,"S/.2.095,00"
2124023201,PREMIUM POCKET,"S/.1.210,00"
2115030901,QUBO ANTISTRESS,"S/.1.545,00"
2127023201,PREMIUM POCKET,"S/.2.535,00"
284404,POCKET RAICES NAZCA,"S/.2.090,00"
2124023301,PRO RUNNER ACTIBIO,"S/.1.000,00"
265323,DORMIDITA NOTEX,"S/.1.540,00"
2127023391,PRO RUNNER ACTIBIO,"S/.2.695,00"
267401,PRINCE,"S/.2.090,00"
2124023401,PRO RUNNER OXYGEL,"S/.1.020,00"
4915040004,SIMMONS - TRUE ENERGY ADVANCE,"S/.1.540,00"
2127023401,PRO RUNNER OXYGEL,"S/.2.260,00"
458435,SIMMONS BR RECHARGE AUDRINA LUXURY P/T,"S/.2.090,00"
2124020201,PURE FRESH,"S/.1.160,00"
2915010020,TAMBO,"S/.1.540,00"
2127020201,PURE FRESH,"S/.2.455,00"
2126020901,ACTIPRO,"S/.2.085,00"
2124011101,REPOSE,"S/.2.215,00"
2126021001,AERO AIRFRESH,"S/.2.085,00"
265324,DORMIDITA POLIALGODON,"S/.1.535,00"
4127050301,SERTA HYBRID OBSERVER,"S/.2.380,00"
2126020501,AERO LATEX,"S/.2.085,00"
2145020101,CROMO,"S/.1.535,00"
2127050101,SERTA PERFECT SLEEPER KLEINMON PT,"S/.2.655,00"
2126041001,SIMMONS NIGHTFALL RECHARGE PT,"S/.2.085,00"
2125020591,AERO LATEX,"S/.1.535,00"
2127050201,SERTA PERFECT SLEEPER WESBOROUGH PT,"S/.2.555,00"
2844S1,SIMMONS BEAUTYREST AUDRINA LUX FIRM,"S/.2.085,00"
4127040201,SIMMONS ALOFT ET WITH EVERNU,"S/.2.475,00"
267422,VESUBIO,"S/.2.085,00"
458430,SIMMONS BEAUTY REST - HARMONY HILTON,"S/.2.080,00"
2844S3,SIMMONS HYBRID MARLEE PLUSH,"S/.2.080,00"
267442,SEVILLA,"S/.2.075,00"
267317,IKASA SILVER SPRING,"S/.1.535,00"
2127040301,SIMMONS BEAUTYREST CHAPELLE PLUSH,"S/.2.380,00"
2126041101,SIMMONS BEAUTYREST SILVER PT,"S/.2.070,00"
2843S4,SIMMONS BEAUTYREST PT AUDRINA LUX FIRM,"S/.1.530,00"
2127040491,SIMMONS BEAUTYREST FELICITY,"S/.2.460,00"
458450,POCKET ICOMFORT HYBRID OBSERVER,"S/.2.070,00"
2125020901,ACTIPRO,"S/.1.525,00"
2127040501,SIMMONS BEAUTYREST HYBRID,"S/.2.245,00"
284403,POCKET RAICES SIPAN,"S/.2.070,00"
2115024801,DRIMER TENCEL,"S/.1.525,00"
2127040201,SIMMONS BEAUTYREST PLATINUM PT,"S/.2.225,00"
458423,SIMMONS BEAUTY REST - BLACK GABRIELA,"S/.2.070,00"
2843C5,DRIMER VISCO CARBON,"S/.1.525,00"
2127040601,SIMMONS BEAUTYREST RECHARGE,"S/.2.400,00"
458432,SIMMONS HOSPITALITY FOUR POINTS SHERATON EUROTOP,"S/.2.070,00"
2115021801,GEMINIS,"S/.1.525,00"
2127040791,SIMMONS BEAUTYREST RECHARGE PT,"S/.2.250,00"
2844C1,TERRA LATEX ALOE VERA,"S/.2.070,00"
2115021301,ANTARES,"S/.1.520,00"
2127041101,SIMMONS BEAUTYREST SILVER PT,"S/.2.350,00"
2136021901,HIPERSOFT DRILL,"S/.2.065,00"
284303,POCKET RAICES SIPAN,"S/.1.520,00"
2127040801,SIMMONS BEAUTYREST WORLD CLASS,"S/.2.265,00"
2146020301,DRIMER FOREVER YOUNG,"S/.2.065,00"
2125020401,ACQUA VISCO,"S/.1.515,00"
2127040901,SIMMONS BEAUTYREST WORLD CLASS PT,"S/.2.505,00"
267479,FIRENZE ANTISTRESS PT,"S/.2.065,00"
458305,CIC PILOU,"S/.1.515,00"
2127040101,SIMMONS BEAUTYSLEEP,"S/.2.330,00"
267443,GEMINIS,"S/.2.065,00"
4127040401,SIMMONS BLACK NAPA PT,"S/.2.600,00"
2916020093,NATURE EURO SOYA POCKET,"S/.2.065,00"
4917040002,SIMMONS EVIE PLUSH LUX FIRM,"S/.2.570,00"
4917040092,SIMMONS EVIE PLUSH LUX FIRM,"S/.2.485,00"
4126041401,SIMMONS HYDE PARK PLUSH,"S/.2.060,00"
4127041201,SIMMONS FELICITY RECHARGE,"S/.2.355,00"
2116021101,DRIMER FRESH,"S/.2.060,00"
4126050301,SERTA HYBRID OBSERVER,"S/.2.055,00"
4917040003,SIMMONS FOUR POINTS SHERATON,"S/.2.420,00"
265328,SUPER FOAM DRILL,"S/.1.510,00"
4127041302,SIMMONS HARMONY HILTON,"S/.2.400,00"
2116024891,DRIMER TENCEL,"S/.2.050,00"
4917040004,SIMMONS HEAVENLY,"S/.2.660,00"
284405,WARI PARACAS,"S/.2.050,00"
4917040005,SIMMONS HEAVENLY EVERNU WESTIN,"S/.2.615,00"
458428,SIMMONS BEAUTY REST - HEAVENLY,"S/.2.045,00"
265427,SUPER FOAM POLIALGODON,"S/.2.040,00"
2115010601,ACQUA REPOSE,"S/.1.510,00"
4127041401,SIMMONS HYDE PARK PLUSH,"S/.2.680,00"
458437,SIMMONS BR RECHARGE WORLD CLASS JAELYN LUX P/T,"S/.2.040,00"
267494,VALENCIA PT,"S/.2.040,00"
26542B,SUPER FOAM DRILL,"S/.2.035,00"
2915010022,VICUS,"S/.1.510,00"
4127041501,SIMMONS LUXURY COLLECTION TOP,"S/.2.430,00"
2916020010,FIRM,"S/.2.035,00"
4127041601,SIMMONS LUXURY COLLECTION TOP V/2,"S/.2.655,00"
4127040501,SIMMONS NIGHTFALL PT,"S/.2.200,00"
2125050201,SERTA PERFECT SLEEPER WESBOROUGH PT,"S/.1.505,00"
2127041001,SIMMONS NIGHTFALL RECHARGE PT,"S/.2.235,00"
2916010004,NAZCA,"S/.2.035,00"
284316,CONTINENTAL REAL REPOSE,"S/.1.505,00"
2116030691,OZONO,"S/.2.035,00"
267391,ORION PT,"S/.1.505,00"
4127041801,SIMMONS SWEET SLEEPER EURO SHERATON,"S/.2.560,00"
2916020005,TERRA ALOE VERA,"S/.2.030,00"
284374,FIRENZE HR,"S/.1.500,00"
2914010017,SIPAN,"S/.1.020,00"
2915010015,PARACAS,"S/.1.500,00"
2917010005,SIPAN,"S/.2.285,00"
2126022401,LATEX BAMBOO,"S/.2.025,00"
2124020101,VENTUS,"S/.880,00"
2915010002,SITE,"S/.1.500,00"
2127020191,VENTUS,"S/.2.215,00"
267480,FIRENZE VISCOELASTIC,"S/.2.025,00"
2124030101,VISCO,"S/.920,00"
267339,VENETTO,"S/.1.500,00"
267426,FLORENCIA,"S/.2.025,00"
2124024091,VISCO CARBON,"S/.1.040,00"
465283,BLUEPULSE,"S/.1.495,00"
2127024001,VISCO CARBON,"S/.2.595,00"
284452,NATURE EURO SOYA POCKET,"S/.2.025,00"
2843930002,DRIMER ANTARES,"S/.1.495,00"
2114020401,3 ESTRELLAS,"S/.1.150,00"
458396,OMEGA PT,"S/.1.495,00"
2117020401,3 ESTRELLAS,"S/.2.585,00"
2844C2,AERO LATEX BAMBOO,"S/.2.020,00"
458321,SIMMONS BEAUTY REST - TRUE ENERGY ADVANCE,"S/.1.495,00"
2114020501,4 ESTRELLAS,"S/.1.010,00"
2915020007,TERRA COTTON FRESH,"S/.1.495,00"
2117020501,4 ESTRELLAS,"S/.2.630,00"
267492,SEVILLA PT,"S/.2.020,00"
267036,X DM2 C/TELA COOL MAX (TIPO VESUBIO),"S/.1.495,00"
2114020691,5 ESTRELLAS,"S/.1.020,00"
2145022301,ANTIACAROS,"S/.1.490,00"
2117020601,5 ESTRELLAS,"S/.2.620,00"
2126022101,HOTEL CONCEPT,"S/.2.015,00"
458201,ACQUA C/POLISEDA,"S/.820,00"
2115011201,LORD REPOSE,"S/.1.490,00"
2915010016,QUIPU,"S/.1.490,00"
2842A4,ACQUA CIRCULACION,"S/.1.010,00"
2125040201,SIMMONS BEAUTYREST PLATINUM PT,"S/.1.485,00"
2845A4,ACQUA CIRCULACION,"S/.2.650,00"
2116021501,DRIMER ACTIBIO,"S/.2.015,00"
2842A8,ACQUA CIRCULACION ADVANCE,"S/.1.040,00"
2115050201,SERTAPEDIC NEW WAITROSE,"S/.1.485,00"
2845A8,ACQUA CIRCULACION ADVANCE,"S/.2.680,00"
26542C,SUPER FOAM JACKARD,"S/.2.010,00"
2842B2,ACQUA CIRCULACION II,"S/.840,00"
2843B2,ACQUA CIRCULACION II,"S/.1.480,00"
2845B2,ACQUA CIRCULACION II,"S/.2.600,00"
2116020691,5 ESTRELLAS,"S/.2.010,00"
2114010601,ACQUA REPOSE,"S/.1.010,00"
2915020013,LATEX SILVER,"S/.1.475,00"
4914010001,ACQUA VARIOS,"S/.1.010,00"
267374,SAN MARINO PT,"S/.1.475,00"
2842A1,ACQUA VISCOELASTIC,"S/.1.100,00"
2145020401,DRIMER ZEN,"S/.1.470,00"
2845A1,ACQUA VISCOELASTIC,"S/.2.220,00"
2126040291,SIMMONS BEAUTYREST PLATINUM PT,"S/.2.005,00"
2842B3,ACTIPRO,"S/.970,00"
458399,TC POLUX,"S/.1.470,00"
2845B3,ACTIPRO,"S/.2.650,00"
2844C6,DRIMER ANTISTRESS,"S/.2.005,00"
284250,AERO AIRFRESH,"S/.1.250,00"
267333,ZENNA POCKET 1,"S/.1.470,00"
284550,AERO AIRFRESH,"S/.2.480,00"
2844A3,QUBO ANTISTRESS,"S/.2.005,00"
2842A9,AERO AIRFRESH ADVANCE,"S/.1.200,00"
267343,GEMINIS,"S/.1.465,00"
2845A9,AERO AIRFRESH ADVANCE,"S/.2.510,00"
2116020701,INTENSO,"S/.2.000,00"
2842A2,AERO AROMATERAPIA,"S/.1.230,00"
2115031101,ZENTRIX,"S/.1.465,00"
2845A2,AERO AROMATERAPIA,"S/.2.670,00"
267453,REAL PT,"S/.2.000,00"
2842C2,AERO LATEX BAMBOO,"S/.870,00"
2135000001,TERRA COTTON,"S/.1.460,00"
2845C2,AERO LATEX BAMBOO,"S/.2.240,00"
284424,TRAVEL EXTRA HOTELERO IGNIFUGO,"S/.2.000,00"
2145020301,DRIMER FOREVER YOUNG,"S/.1.460,00"
2114021201,ALOE VERA,"S/.950,00"
2125030201,OXYGEN,"S/.1.460,00"
2117021201,ALOE VERA,"S/.2.350,00"
2126030491,GRAVITY,"S/.1.995,00"
2843A3,TECHNODREAM QUBO ANTISTRESS,"S/.1.460,00"
2114021301,ANTARES,"S/.1.210,00"
267322,VESUBIO,"S/.1.460,00"
2117021391,ANTARES,"S/.2.430,00"
2844C5,DRIMER VISCO CARBON,"S/.1.995,00"
267021,BARI,"S/.635,00"
458241,ATOM,"S/.1.170,00"
2915010010,CARAL,"S/.1.455,00"
284305,WARI PARACAS,"S/.1.455,00"
2115020801,PLAYA,"S/.1.450,00"
284211,AYLLU APU,"S/.1.210,00"
2915010006,VESUBIO,"S/.1.450,00"
284262,AYLLU QUIPU,"S/.1.090,00"
265327,SUPER FOAM POLIALGODON,"S/.1.445,00"
267001,PRINCE,"S/.595,00"
284209,AYLLU TAMBO,"S/.1.190,00"
2132010906,ELASTIC FOAM POLIALGODON,"S/.1.445,00"
2843A5,FIAMMA IGNIFUGO,"S/.1.445,00"
284210,AYLLU URPI,"S/.1.170,00"
267396,OMEGA PT,"S/.1.445,00"
2114020101,BACK THERAPY,"S/.810,00"
2115021501,DRIMER ACTIBIO,"S/.1.440,00"
2117020101,BACK THERAPY,"S/.2.260,00"
267454,PT,"S/.1.995,00"
267221,BARI,"S/.950,00"
458343,DRIMER ZENTRIX,"S/.1.440,00"
26559M,SOYA,"S/.1.435,00"
2111023701,TERRA COTTON,"S/.595,00"
267521,BARI,"S/.2.640,00"
2844S5,SIMMONS WORLD CLASS PT JAELYN LUX FIRM,"S/.1.995,00"
267326,FLORENCIA,"S/.1.435,00"
2914010004,BAVENO,"S/.1.020,00"
2843B6,POCKET ANTISTRESS,"S/.1.435,00"
267205,BELLISIMA AKTUAL,"S/.1.190,00"
284308,WARI VICUS,"S/.1.435,00"
4125041301,SIMMONS HARMONY HILTON,"S/.1.430,00"
267505,BELLISIMA AKTUAL,"S/.2.405,00"
2146020201,ESENCIA,"S/.1.990,00"
284350,AERO AIRFRESH,"S/.1.430,00"
2114030101,BREEZE,"S/.950,00"
458322,SIMMONS BEAUTY SLEEP - PLUSH,"S/.1.430,00"
458205,CIC PILOU,"S/.810,00"
284393,TECHNODREAM OZONO,"S/.1.425,00"
284218,CONTINENTAL ACQUA REPOSE,"S/.1.100,00"
2843B5,VISCO ANTISTRESS,"S/.1.425,00"
284215,CONTINENTAL LORD REPOSE,"S/.1.050,00"
2145020201,ESENCIA,"S/.1.420,00"
284402,POCKET RAICES CARAL,"S/.1.990,00"
284216,CONTINENTAL REAL REPOSE,"S/.1.220,00"
2125040791,SIMMONS BEAUTYREST RECHARGE PT,"S/.1.420,00"
2845160000,CONTINENTAL REAL REPOSE,"S/.2.280,00"
458426,SIMMONS BEAUTY REST - RECHARGE,"S/.1.990,00"
284217,CONTINENTAL REPOSE,"S/.860,00"
2845170000,CONTINENTAL REPOSE,"S/.2.520,00"
2126040891,SIMMONS BEAUTYREST WORLD CLASS,"S/.1.985,00"
284214,CONTINENTAL SIR REPOSE,"S/.1.250,00"
284315,CONTINENTAL LORD REPOSE,"S/.1.420,00"
2114030201,COOL,"S/.1.120,00"
2115030201,COOL,"S/.1.420,00"
458431,SIMMONS BEAUTYREST HYDE PFIBRA PLUSH,"S/.1.985,00"
267256,DESPERTARES,"S/.930,00"
2125024801,DRIMER LATEX TENCEL,"S/.1.420,00"
267556,DESPERTARES,"S/.2.225,00"
2116020501,4 ESTRELLAS,"S/.1.980,00"
2115030501,NEO,"S/.1.420,00"
458202,DI BIANCO,"S/.1.210,00"
267378,FIRENZE COOL MAX PT,"S/.1.415,00"
2125021091,AERO AIRFRESH,"S/.1.410,00"
213027,DI BIANCO VARIOS,"S/.880,00"
2843960002,DRIMER GALAXY,"S/.1.410,00"
267211,DISNEY MICKEY,"S/.1.280,00"
267213,DISNEY POWER RANGER,"S/.800,00"
267214,DISNEY PRINCESITAS,"S/.1.170,00"
267212,DISNEY WINNIE POOH,"S/.1.200,00"
2114021501,DRIMER ACTIBIO,"S/.1.180,00"
2843C7,DRIMER PRO RUNNER OXYGEL,"S/.1.410,00"
2117021501,DRIMER ACTIBIO,"S/.2.250,00"
2126050101,SERTA PERFECT SLEEPER KLEINMON PT,"S/.1.975,00"
2842C4,DRIMER ALOE VERA,"S/.910,00"
2843A7,FIAMMA THERMOCONTROL,"S/.1.410,00"
267379,FIRENZE ANTISTRESS PT,"S/.1.410,00"
2845C4,DRIMER ALOE VERA,"S/.2.395,00"
458439,SIMMONS BEAUTYREST BLACK EVIE PLUSH LUX FIRM,"S/.1.975,00"
2842930002,DRIMER ANTARES,"S/.1.090,00"
284399,TECHNODREAM COOL,"S/.1.410,00"
2845930002,DRIMER ANTARES,"S/.2.390,00"
2146022601,SILHOUETTE,"S/.1.970,00"
2842C6,DRIMER ANTISTRESS,"S/.900,00"
2843C2,AERO LATEX BAMBOO,"S/.1.405,00"
2845C6,DRIMER ANTISTRESS,"S/.2.610,00"
267434,VISCOELASTIC POCKET,"S/.1.970,00"
2114021101,DRIMER FRESH,"S/.1.260,00"
2114021191,DRIMER FRESH,"S/.940,00"
2125023401,PRO RUNNER OXYGEL,"S/.1.400,00"
2117021101,DRIMER FRESH,"S/.2.265,00"
2916020013,NATURE EURO SOYA POCKET,"S/.1.965,00"
2842960002,DRIMER GALAXY,"S/.1.190,00"
2125041101,SIMMONS BEAUTYREST SILVER PT,"S/.1.400,00"
2845960002,DRIMER GALAXY,"S/.2.660,00"
266417,CIC,"S/.1.960,00"
2842080002,DRIMER GEMINIS,"S/.810,00"
267305,BELLISIMA AKTUAL,"S/.1.400,00"
2845080002,DRIMER GEMINIS,"S/.2.610,00"
2916020011,FUTURPEDIC,"S/.1.960,00"
2124024801,DRIMER LATEX TENCEL,"S/.1.140,00"
2135020101,ANTISTRESS,"S/.1.395,00"
2127024891,DRIMER LATEX TENCEL,"S/.2.400,00"
4126040201,SIMMONS ALOFT ET WITH EVERNU,"S/.1.960,00"
2842620002,DRIMER OMEGA,"S/.800,00"
2663A4,ACQUA SPORT,"S/.1.395,00"
267245,DRIMER PREMIUM POCKET,"S/.1.170,00"
284362,AYLLU QUIPU,"S/.1.395,00"
2842C8,DRIMER PRO RUNNER ACTIBIO,"S/.1.180,00"
284309,AYLLU TAMBO,"S/.1.390,00"
2845C8,DRIMER PRO RUNNER ACTIBIO,"S/.2.325,00"
2126023391,PRO RUNNER ACTIBIO,"S/.1.955,00"
2842C7,DRIMER PRO RUNNER OXYGEL,"S/.910,00"
2125030401,GRAVITY,"S/.1.380,00"
2845C7,DRIMER PRO RUNNER OXYGEL,"S/.2.515,00"
2116011301,REAL REPOSE,"S/.1.950,00"
2114024801,DRIMER TENCEL,"S/.870,00"
2915010012,NAZCA,"S/.1.380,00"
2117024801,DRIMER TENCEL,"S/.2.645,00"
2136020101,ANTISTRESS,"S/.1.945,00"
2842C5,DRIMER VISCO CARBON,"S/.890,00"
2135021901,HIPERSOFT DRILL,"S/.1.375,00"
2845C5,DRIMER VISCO CARBON,"S/.2.420,00"
2664A4,ACQUA SPORT,"S/.1.945,00"
458243,DRIMER ZENTRIX,"S/.1.030,00"
2915020090,FIAMMA ANTISTRESS,"S/.1.375,00"
2115030601,OZONO,"S/.1.375,00"
2843S2,SIMMONS WORLD CLASS JAELYN LUX FIRM,"S/.1.375,00"
267380,FIRENZE VISCOELASTIC,"S/.1.370,00"
2114030301,ENERGY,"S/.1.250,00"
284394,TECHNODREAM GRAVITY,"S/.1.370,00"
265326,DIAGONAL POLIALGODON,"S/.1.365,00"
2117030391,ENERGY,"S/.2.505,00"
284446,HOTELERO 3 ESTRELLAS,"S/.1.945,00"
284249,FIAMMA ANTISTRESS,"S/.900,00"
4195053501,MIRACOIL SERTA SUITE DREAMS HILTON,"S/.1.365,00"
2843C1,TERRA LATEX ALOE VERA,"S/.1.360,00"
284549,FIAMMA ANTISTRESS,"S/.2.560,00"
284491,QUANTUM,"S/.1.945,00"
2842A5,FIAMMA IGNIFUGO,"S/.1.130,00"
2125040601,SIMMONS BEAUTYREST RECHARGE,"S/.1.355,00"
4125050301,SERTA HYBRID OBSERVER,"S/.1.350,00"
2845A5,FIAMMA IGNIFUGO,"S/.2.420,00"
2844C7,DRIMER PRO RUNNER OXYGEL,"S/.1.940,00"
2843B3,ACTIPRO,"S/.1.350,00"
2842A7,FIAMMA THERMOCONTROL,"S/.1.200,00"
2115020791,INTENSO,"S/.1.350,00"
2845A7,FIAMMA THERMOCONTROL,"S/.2.280,00"
2116020391,FUTUREPEDIC,"S/.1.940,00"
267277,FIRENZE ALOE VERA PT,"S/.920,00"
267302,NATURE,"S/.1.350,00"
267346,OMEGA,"S/.1.350,00"
267577,FIRENZE ALOE VERA PT,"S/.2.245,00"
2126020301,BOTANIA,"S/.1.935,00"
267279,FIRENZE ANTISTRESS PT,"S/.1.170,00"
284324,TRAVEL EXTRA HOTELERO IGNIFUGO,"S/.1.345,00"
266317,CONTINENTAL,"S/.1.340,00"
267579,FIRENZE ANTISTRESS PT,"S/.2.320,00"
2116020201,MANTRA,"S/.1.935,00"
267278,FIRENZE COOL MAX PT,"S/.880,00"
267392,SEVILLA PT,"S/.1.340,00"
265A2C,SUPER FOAM JACKARD,"S/.1.335,00"
267578,FIRENZE COOL MAX PT,"S/.2.440,00"
2916010006,RUNA,"S/.1.935,00"
284273,FIRENZE FRESH,"S/.1.100,00"
26534G,OMEGA JACKARD,"S/.1.335,00"
2125040301,SIMMONS BEAUTYREST CHAPELLE PLUSH,"S/.1.330,00"
284573,FIRENZE FRESH,"S/.2.550,00"
4126041391,SIMMONS HARMONY HILTON,"S/.1.930,00"
284274,FIRENZE HR,"S/.1.140,00"
267349,POCKET VISCO,"S/.1.330,00"
284574,FIRENZE HR,"S/.2.495,00"
2844A1,ACQUA VISCOELASTIC,"S/.1.930,00"
267280,FIRENZE VISCOELASTIC,"S/.1.240,00"
26523M,SOYA TOPPER,"S/.1.325,00"
2125020501,AERO LATEX,"S/.1.325,00"
267580,FIRENZE VISCOELASTIC,"S/.2.215,00"
284494,TECHNODREAM GRAVITY,"S/.1.930,00"
2914030002,FIT,"S/.1.070,00"
2115030101,BREEZE,"S/.1.325,00"
267226,FLORENCIA,"S/.1.010,00"
267345,DRIMER PREMIUM POCKET,"S/.1.325,00"
284396,TECHNODREAM ENERGY,"S/.1.325,00"
267526,FLORENCIA,"S/.2.215,00"
2916210002,ZENNA,"S/.1.925,00"
2114020391,FUTUREPEDIC,"S/.1.150,00"
213028,DI BIANCO VARIOS,"S/.1.320,00"
2117020391,FUTUREPEDIC,"S/.2.410,00"
266474,SILVER,"S/.1.920,00"
2843S3,SIMMONS HYBRID MARLEE PLUSH,"S/.1.320,00"
2114021701,GALAXY,"S/.970,00"
284395,TECHNODREAM OXYGEN,"S/.1.320,00"
2917021701,GALAXY,"S/.2.605,00"
2126040101,SIMMONS BEAUTYSLEEP,"S/.1.920,00"
2115020901,TERRA,"S/.1.320,00"
2114021891,GEMINIS,"S/.910,00"
284363,WARI RUNA,"S/.1.320,00"
266032,RIZZOLI,"S/.585,00"
2917021801,GEMINIS,"S/.2.420,00"
2844930002,DRIMER ANTARES,"S/.1.920,00"
267243,GEMINIS,"S/.920,00"
2131000001,TELA,"S/.1.315,00"
2115020391,FUTUREPEDIC,"S/.1.315,00"
2111021801,GEMINIS,"S/.565,00"
267543,GEMINIS,"S/.2.565,00"
2844960002,DRIMER GALAXY,"S/.1.920,00"
267293,GEMINIS PT,"S/.890,00"
267307,VERDUM,"S/.1.315,00"
2843B1,QUBO COOL MAX,"S/.1.310,00"
267593,GEMINIS PT,"S/.2.325,00"
267477,FIRENZE ALOE VERA PT,"S/.1.920,00"
284246,HOTELERO 3 ESTRELLAS,"S/.1.060,00"
458327,SIMMONS BEAUTY REST - SIGNATURE RECHARGE,"S/.1.310,00"
284398,TECHNODREAM NEO,"S/.1.310,00"
284546,HOTELERO 3 ESTRELLAS,"S/.2.220,00"
267445,PREMIUM,"S/.1.920,00"
284245,HOTELERO 4 ESTRELLAS,"S/.920,00"
284321,ZENNA POCKET,"S/.1.310,00"
26538J,COOL MAX SUMMER,"S/.1.305,00"
284545,HOTELERO 4 ESTRELLAS,"S/.2.410,00"
2844B8,HOTELERO DRIMER CONCEPT,"S/.1.915,00"
284244,HOTELERO 5 ESTRELLAS,"S/.840,00"
458347,JACKARD GALAXY,"S/.1.305,00"
284348,TERRA ALOE VERA,"S/.1.305,00"
284544,HOTELERO 5 ESTRELLAS,"S/.2.525,00"
2126022501,LATEX FLEXICUP,"S/.1.910,00"
284241,HOTELERO 7 ESTRELLAS,"S/.960,00"
267325,SAN REMO,"S/.1.300,00"
2843S6,SIMMONS BEAUTYREST FELICITY,"S/.1.300,00"
284541,HOTELERO 7 ESTRELLAS,"S/.2.525,00"
2844A5,FIAMMA IGNIFUGO,"S/.1.910,00"
2842B8,HOTELERO DRIMER CONCEPT,"S/.800,00"
2915010007,VESUBIO II,"S/.1.300,00"
2845B8,HOTELERO DRIMER CONCEPT,"S/.2.440,00"
284474,FIRENZE HR,"S/.1.910,00"
284240,IBIZA,"S/.1.170,00"
266346,DRIMER,"S/.1.295,00"
284392,TECHNODREAM BREEZE,"S/.1.295,00"
266017,CIC,"S/.560,00"
284540,IBIZA,"S/.2.240,00"
284445,HOTELERO 4 ESTRELLAS,"S/.1.910,00"
2911010001,TAMBO,"S/.540,00"
267046,OMEGA,"S/.535,00"
267216,IKASA GOLDEN SPRING,"S/.1.100,00"
266320,ACTIPRO,"S/.1.290,00"
267217,IKASA SILVER SPRING,"S/.1.060,00"
2145021601,FIAMMA THERMOCONTROL,"S/.1.290,00"
2114020701,INTENSO,"S/.1.050,00"
458341,SIMMONS BEAUTY REST LUXURY - COLLECTION TOP,"S/.1.290,00"
2117020701,INTENSO,"S/.2.635,00"
2117020791,INTENSO,"S/.2.565,00"
284441,HOTELERO 7 ESTRELLAS,"S/.1.910,00"
2843C9,TECHNODREAM POCKET DREAM,"S/.1.290,00"
2131011001,SUPER FOAM JACKARD,"S/.530,00"
458247,JACKARD GALAXY,"S/.900,00"
4125041801,SIMMONS SWEET SLEEPER EURO,"S/.1.285,00"
2115021201,ALOE VERA,"S/.1.280,00"
267356,DESPERTARES,"S/.1.280,00"
458297,JACKARD GALAXY PT,"S/.1.110,00"
458398,POLISEDA PT,"S/.1.280,00"
2114022201,LATEX ACTIPRO,"S/.1.220,00"
2115011501,SIR REPOSE,"S/.1.280,00"
2117022201,LATEX ACTIPRO,"S/.2.375,00"
284406,WARI KUELAP,"S/.1.910,00"
2114011201,LORD REPOSE,"S/.1.170,00"
284326,PRATO,"S/.1.275,00"
2844A9,AERO AIRFRESH ADVANCE,"S/.1.905,00"
2114020291,MANTRA,"S/.920,00"
267316,IKASA GOLDEN SPRING,"S/.1.270,00"
2117020201,MANTRA,"S/.2.445,00"
4916040005,SIMMONS BACK CARE NON FLIP,"S/.1.900,00"
267013,POWER RANGER,"S/.530,00"
267043,GEMINIS,"S/.525,00"
458331,SIMMONS BEAUTY REST HYDE PARK PLUSH,"S/.1.270,00"
467501,MIRACOIL HILTON SUITE DREAMS,"S/.2.410,00"
2125050101,SERTA PERFECT SLEEPER KLEINMON PT,"S/.1.265,00"
2115020101,BACK THERAPY,"S/.1.265,00"
2914010011,MOCHE,"S/.910,00"
265325,DORMIDITA POLIALGODON ACOLCHADO,"S/.1.260,00"
2917010002,MOCHE,"S/.2.615,00"
4126040401,SIMMONS BLACK NAPA PT,"S/.1.900,00"
267202,NATURE,"S/.1.070,00"
2125020301,BOTANIA,"S/.1.260,00"
2843A9,AERO AIRFRESH ADVANCE,"S/.1.260,00"
267502,NATURE,"S/.2.410,00"
2116030291,COOL,"S/.1.900,00"
284252,NATURE EURO SOYA POCKET,"S/.1.130,00"
2917020098,NATURE EURO SOYA POCKET,"S/.2.415,00"
466401,ICOMFORT GUIDANCE,"S/.1.895,00"
266447,DRIMER FUTURPEDIC,"S/.1.895,00"
2116020101,BACK THERAPY,"S/.1.895,00"
2114030501,NEO,"S/.1.210,00"
267347,POCKET LATEX,"S/.1.260,00"
458246,OMEGA,"S/.1.060,00"
284340,IBIZA,"S/.1.255,00"
267353,REAL PT,"S/.1.255,00"
458546,OMEGA,"S/.2.225,00"
267421,BARI,"S/.1.890,00"
267546,OMEGA,"S/.2.500,00"
2911020002,FIRM,"S/.510,00"
2126020201,PURE FRESH,"S/.1.880,00"
267246,OMEGA,"S/.1.260,00"
2115011301,REAL REPOSE,"S/.1.255,00"
2915020011,FIRM,"S/.1.250,00"
458296,OMEGA PT,"S/.1.230,00"
2125020291,PURE FRESH,"S/.1.250,00"
284311,AYLLU APU,"S/.1.250,00"
458596,OMEGA PT,"S/.2.370,00"
2126050201,SERTA PERFECT SLEEPER WESBOROUGH PT,"S/.1.880,00"
267596,OMEGA PT,"S/.2.235,00"
266420,ACTIPRO,"S/.1.875,00"
267296,OMEGA PT,"S/.1.000,00"
2125023201,PREMIUM POCKET,"S/.1.245,00"
458302,DI BIANCO,"S/.1.245,00"
267241,ORION,"S/.1.000,00"
2115021701,GALAXY,"S/.1.245,00"
267394,VALENCIA PT,"S/.1.245,00"
284040-2,IBIZA III,"S/.505,00"
267541,ORION,"S/.2.435,00"
267493,GEMINIS PT,"S/.1.875,00"
267291,ORION PT,"S/.900,00"
2915020017,ACQUA VISCOELASTIC,"S/.1.240,00"
284312,ECONOMICO OUTLET,"S/.1.240,00"
267591,ORION PT,"S/.2.315,00"
2844B1,QUBO COOL MAX,"S/.1.875,00"
2914030003,OXYGEN,"S/.1.130,00"
2917030001,OXYGEN,"S/.2.245,00"
284451,TERRA COTTON FRESH,"S/.1.875,00"
284347,TERRA COTTON,"S/.1.240,00"
2114030601,OZONO,"S/.1.020,00"
2125041001,SIMMONS NIGHTFALL RECHARGE PT,"S/.1.235,00"
2117030691,OZONO,"S/.2.525,00"
2116022201,LATEX ACTIPRO,"S/.1.870,00"
2914010013,PARACAS,"S/.800,00"
2915030002,FIT,"S/.1.235,00"
2917010004,PARACAS,"S/.2.465,00"
284463,WARI RUNA,"S/.1.870,00"
2114020801,PLAYA,"S/.810,00"
284307,WARI MOCHE,"S/.1.235,00"
2842B6,POCKET ANTISTRESS,"S/.860,00"
2915210008,ZENNA,"S/.1.235,00"
2845B6,POCKET ANTISTRESS,"S/.2.565,00"
265429,SUPER FOAM JACKARD,"S/.1.865,00"
267248,POCKET DREAM,"S/.850,00"
26532B,SUPER FOAM DRILL,"S/.1.230,00"
4135050201,SERTA GUIDANCE,"S/.1.230,00"
267548,POCKET DREAM,"S/.2.650,00"
458420,POCKET SIMMONS ST. CHAPELLE,"S/.1.865,00"
2125023391,PRO RUNNER ACTIBIO,"S/.1.225,00"
458550,POCKET ICOMFORT HYBRID OBSERVER,"S/.2.600,00"
2126040901,SIMMONS BEAUTYREST WORLD CLASS PT,"S/.1.855,00"
267247,POCKET LATEX,"S/.1.280,00"
2115010791,ATOM,"S/.1.225,00"
267547,POCKET LATEX,"S/.2.665,00"
2126040401,SIMMONS BEAUTYREST FELICITY,"S/.1.850,00"
284202,POCKET RAICES CARAL,"S/.1.130,00"
284373,FIRENZE FRESH,"S/.1.225,00"
284502,POCKET RAICES CARAL,"S/.2.655,00"
2844B2,ACQUA CIRCULACION II,"S/.1.850,00"
284204,POCKET RAICES NAZCA,"S/.910,00"
2843A4,ACQUA CIRCULACION,"S/.1.220,00"
284504,POCKET RAICES NAZCA,"S/.2.630,00"
2916010005,PARACAS,"S/.1.850,00"
284203,POCKET RAICES SIPAN,"S/.820,00"
2843C8,DRIMER PRO RUNNER ACTIBIO,"S/.1.220,00"
284503,POCKET RAICES SIPAN,"S/.2.255,00"
284426,PRATO,"S/.1.850,00"
267451,PRINCE PT,"S/.1.850,00"
267249,POCKET VISCO,"S/.1.280,00"
2125030701,DREAM,"S/.1.215,00"
267549,POCKET VISCO,"S/.2.270,00"
2664AC,FIAMMA THERMOCONTROL,"S/.1.840,00"
458248,POLISEDA GALAXY,"S/.830,00"
2915010019,SIPAN,"S/.1.215,00"
2843C6,DRIMER ANTISTRESS,"S/.1.215,00"
458298,POLISEDA PT,"S/.1.280,00"
2115021101,DRIMER FRESH,"S/.1.215,00"
284040-1,IBIZA II,"S/.495,00"
267014,MICKEY PRINCESITAS,"S/.475,00"
458345,TC MERCURY,"S/.1.215,00"
284226,PRATO,"S/.960,00"
2915010011,MOCHE,"S/.1.210,00"
2116040101,SIMMONS BEAUTYSLEEP,"S/.1.840,00"
284526,PRATO,"S/.2.535,00"
267341,ORION,"S/.1.210,00"
267545,PREMIUM,"S/.2.350,00"
26542D,ELASTIC FOAM POLIALGODON,"S/.1.835,00"
2131010901,ELASTIC FOAM DRILL,"S/.465,00"
4915040002,SIMMONS - SIGNATURE RECHARGE,"S/.1.210,00"
2914010006,PRINCE,"S/.960,00"
26533E,ELASTIC FOAM DRILL,"S/.1.205,00"
267041,ORION,"S/.460,00"
267501,PRINCE,"S/.2.610,00"
2146022301,ANTIACAROS,"S/.1.835,00"
267251,PRINCE PT,"S/.910,00"
4125041501,SIMMONS LUXURY COLLECTION TOP,"S/.1.200,00"
267351,PRINCE PT,"S/.1.200,00"
267551,PRINCE PT,"S/.2.305,00"
2126040601,SIMMONS BEAUTYREST RECHARGE,"S/.1.830,00"
267254,PT,"S/.870,00"
4915040005,SIMMONS - WESTBURY RECHARGE,"S/.1.200,00"
284325,TRAVEL HOTELERO STANDARD IGNIFUGO,"S/.1.200,00"
267554,PT,"S/.2.570,00"
2916020015,SILVER,"S/.1.830,00"
284291,QUANTUM,"S/.890,00"
26515L,DRILL,"S/.1.195,00"
26516K,ZENTRIX X,"S/.1.190,00"
2917030801,QUANTUM,"S/.2.610,00"
2126030701,DREAM,"S/.1.825,00"
2842C3,QUBO ALOE VERA,"S/.810,00"
458196,OMEGA PT,"S/.1.185,00"
2916020012,LATEX SILVER,"S/.1.825,00"
4122041101,SIMMONS SWEET SLEEPER EVERNU,"S/.1.180,00"
2114030901,QUBO ANTISTRESS,"S/.1.070,00"
2112030601,OZONO,"S/.1.180,00"
2117030901,QUBO ANTISTRESS,"S/.2.490,00"
267456,DESPERTARES,"S/.1.825,00"
2842B1,QUBO COOL MAX,"S/.850,00"
284196,TECHNODREAM ENERGY,"S/.1.170,00"
2845B1,QUBO COOL MAX,"S/.2.590,00"
267478,FIRENZE COOL MAX PT,"S/.1.825,00"
2914010014,QUIPU,"S/.1.190,00"
2112020601,5 ESTRELLAS,"S/.1.160,00"
267253,REAL PT,"S/.830,00"
2132020101,ANTISTRESS,"S/.1.160,00"
267126,FLORENCIA,"S/.1.155,00"
267553,REAL PT,"S/.2.570,00"
284407,WARI MOCHE,"S/.1.825,00"
2114011301,REAL REPOSE,"S/.1.180,00"
2112030801,QUANTUM,"S/.1.155,00"
2117011301,REAL REPOSE,"S/.2.365,00"
2844C8,DRIMER PRO RUNNER ACTIBIO,"S/.1.820,00"
2914010016,RUNA,"S/.910,00"
284126,PRATO,"S/.1.150,00"
284447,TERRA COTTON,"S/.1.820,00"
2132023703,TERRA COTTON,"S/.1.150,00"
2914210009,SAN MARINO PT,"S/.840,00"
267121,BARI,"S/.1.145,00"
267574,SAN MARINO PT,"S/.2.210,00"
284442,XEON,"S/.1.820,00"
267225,SAN REMO,"S/.820,00"
26512C,SUPER FOAM JACKARD,"S/.1.140,00"
26514F,GEMINIS JACKARD,"S/.1.140,00"
267525,SAN REMO,"S/.2.350,00"
26548N,TERRA COTTON,"S/.1.815,00"
284109,AYLLU TAMBO,"S/.1.130,00"
2117050201,SERTAPEDIC NEW WAITROSE,"S/.2.420,00"
2916010003,MOCHE,"S/.1.815,00"
2114050101,SERTAPEDIC WAITROSE,"S/.1.040,00"
267148,POCKET DREAM,"S/.1.130,00"
2117050101,SERTAPEDIC WAITROSE,"S/.2.590,00"
458433,SIMMONS BEAUTY REST - HEAVENLY EVERNU WESTIN,"S/.1.810,00"
267242,SEVILLA,"S/.1.050,00"
458101,ACQUA C/POLISEDA,"S/.1.125,00"
267196,OMEGA PT,"S/.1.120,00"
2131020001,IMPERMEABLE,"S/.440,00"
267542,SEVILLA,"S/.2.350,00"
2844S2,SIMMONS WORLD CLASS JAELYN LUX FIRM,"S/.1.810,00"
267292,SEVILLA PT,"S/.920,00"
458147,JACKARD GALAXY,"S/.1.120,00"
284145,HOTELERO 4 ESTRELLAS,"S/.1.115,00"
267592,SEVILLA PT,"S/.2.495,00"
284408,WARI VICUS,"S/.1.810,00"
2914020016,SILVER,"S/.1.020,00"
284101,SITE,"S/.1.115,00"
2917020009,SILVER,"S/.2.445,00"
2845B4,SILVER,"S/.2.210,00"
4136050291,SERTA GUIDANCE,"S/.1.805,00"
267448,POCKET DREAM,"S/.1.805,00"
2844S6,SIMMONS BEAUTYREST FELICITY,"S/.1.800,00"
284493,TECHNODREAM OZONO,"S/.1.800,00"
284143,ZENTRIX,"S/.1.110,00"
458197,JACKARD GALAXY PT,"S/.1.110,00"
2664AK,FLEXICUP,"S/.1.795,00"
267178,FIRENZE COOL MAX PT,"S/.1.105,00"
284472,VISCOELASTIC POCKET PT,"S/.1.795,00"
458523,SIMMONS BEAUTY REST - BLACK GABRIELA,"S/.2.505,00"
2146020491,DRIMER ZEN,"S/.1.790,00"
458524,SIMMONS BEAUTY REST - FELICITY RECHARGE,"S/.2.375,00"
2664A7,TERRA LATEX FRESH,"S/.1.790,00"
458530,SIMMONS BEAUTY REST - HARMONY HILTON,"S/.2.500,00"
4585300002,SIMMONS BEAUTY REST - HARMONY HILTON,"S/.2.450,00"
284496,TECHNODREAM ENERGY,"S/.1.790,00"
458528,SIMMONS BEAUTY REST - HEAVENLY,"S/.2.435,00"
267433,ZENNA POCKET,"S/.1.790,00"
458533,SIMMONS BEAUTY REST - HEAVENLY EVERNU WESTIN,"S/.2.615,00"
4916040017,SIMMONS JAELYN LUX P/T,"S/.1.785,00"
284106,WARI KUELAP,"S/.1.100,00"
458526,SIMMONS BEAUTY REST - RECHARGE,"S/.2.620,00"
2844A2,AERO AROMATERAPIA,"S/.1.780,00"
458532,SIMMONS BEAUTY REST - SHERATON FOUR POINTS,"S/.2.260,00"
2112020401,3 ESTRELLAS,"S/.1.100,00"
458529,SIMMONS BEAUTY REST - SHERATON SWEET SLEEPER EURO,"S/.2.650,00"
2841B7,TERRA BAMBOO,"S/.1.095,00"
267143,GEMINIS,"S/.1.095,00"
458521,SIMMONS BEAUTY REST - TRUE ENERGY ADVANCE,"S/.2.575,00"
2844080002,DRIMER GEMINIS,"S/.1.780,00"
458148,POLISEDA GALAXY,"S/.1.085,00"
458542,SIMMONS BEAUTY REST ALOFT ET - WITH EVERNU,"S/.2.520,00"
4916040007,SIMMONS - BLACK GABRIELA,"S/.1.780,00"
2841A3,QUBO ANTISTRESS,"S/.1.085,00"
458531,SIMMONS BEAUTY REST HYDE PFIBRA PLUSH 180 X 200,"S/.2.330,00"
2912020003,FIRM,"S/.1.085,00"
458541,SIMMONS BEAUTY REST LUXURY - COLLECTION TOP,"S/.2.610,00"
4585410002,SIMMONS BEAUTY REST LUXURY - COLLECTION TOP V/2,"S/.2.280,00"
267181,ZENNA PT,"S/.1.085,00"
2912010001,MOCHE,"S/.1.070,00"
2845S1,SIMMONS BEAUTYREST AUDRINA LUX FIRM,"S/.2.275,00"
2844A6,TERRA SOYAMBOO,"S/.1.780,00"
458539,SIMMONS BEAUTYREST BLACK EVIE PLUSH LUX FIRM,"S/.2.680,00"
4916041701,SIMMONS - RECHARGE,"S/.1.775,00"
26512E,ELASTIC FOAM DRILL,"S/.1.065,00"
2845S6,SIMMONS BEAUTYREST FELICITY,"S/.2.200,00"
2916030002,OXYGEN,"S/.1.770,00"
284499,TECHNODREAM COOL,"S/.1.770,00"
26512B,SUPER FOAM DRILL,"S/.1.065,00"
2845S4,SIMMONS BEAUTYREST PT AUDRINA LUX FIRM,"S/.2.570,00"
2126040591,SIMMONS BEAUTYREST HYBRID,"S/.1.765,00"
284415,CONTINENTAL LORD REPOSE,"S/.1.765,00"
2112010701,ATOM,"S/.1.060,00"
2117040101,SIMMONS BEAUTYSLEEP,"S/.2.600,00"
26544F,GEMINIS JACKARD,"S/.1.760,00"
2126023201,PREMIUM POCKET,"S/.1.760,00"
2844B3,ACTIPRO,"S/.1.760,00"
2116050201,SERTAPEDIC NEW WAITROSE,"S/.1.760,00"
267491,ORION PT,"S/.1.755,00"
458421,SIMMONS BEAUTY REST - TRUE ENERGY ADVANCE,"S/.1.755,00"
2112021801,GEMINIS,"S/.1.055,00"
2845S3,SIMMONS HYBRID MARLEE PLUS,"S/.2.580,00"
265125,DORMIDITA POLIALGODON ACOLCHADO,"S/.1.040,00"
458442,SIMMONS BEAUTY REST ALOFT ET - WITH EVERNU,"S/.1.755,00"
265128,SUPER FOAM DRILL,"S/.1.035,00"
2845S2,SIMMONS WORLD CLASS JAELYN LUX FIRM,"S/.2.545,00"
2126020401,ACQUA VISCO,"S/.1.750,00"
284193,TECHNODREAM OZONO,"S/.1.035,00"
2845S5,SIMMONS WORLD CLASS PT JAELYN LUX FIRM,"S/.2.310,00"
2126040301,SIMMONS BEAUTYREST CHAPELLE PLUSH,"S/.1.750,00"
2114011501,SIR REPOSE,"S/.930,00"
2112030101,BREEZE,"S/.1.035,00"
2111023601,TERRA BAMBOO,"S/.435,00"
2914010009,SITE,"S/.980,00"
284146,HOTELERO 3 ESTRELLAS,"S/.1.025,00"
267107,VERDUM,"S/.1.020,00"
2114021001,STAR WARS,"S/.1.050,00"
284141,HOTELERO 7 ESTRELLAS,"S/.1.015,00"
2914010018,TAMBO,"S/.1.150,00"
267191,ORION PT,"S/.1.015,00"
284009,AYLLU TAMBO,"S/.430,00"
267273,TARENTO PT,"S/.1.210,00"
267102,NATURE,"S/.1.010,00"
284195,TECHNODREAM OXYGEN,"S/.1.010,00"
267573,TARENTO PT,"S/.2.490,00"
2116021301,ANTARES,"S/.1.750,00"
458245,TC MERCURY,"S/.1.270,00"
267108,BAVENO,"S/.1.005,00"
458295,TC MERCURY PT,"S/.1.080,00"
2112021301,ANTARES,"S/.995,00"
458249,TC POLISEDA ECONOMICO,"S/.820,00"
458299,TC POLUX,"S/.1.120,00"
26513A,SUPER FOAM POLIALGODON,"S/.990,00"
284292,TECHNODREAM BREEZE,"S/.880,00"
267192,SEVILLA PT,"S/.985,00"
267194,VALENCIA PT,"S/.980,00"
284299,TECHNODREAM COOL,"S/.1.240,00"
26513D,ELASTIC FOAM POLIALGODON,"S/.975,00"
4916040003,SIMMONS AUDRINA LUXURY FIRM,"S/.1.745,00"
284296,TECHNODREAM ENERGY,"S/.970,00"
267156,DESPERTARES PT,"S/.970,00"
267145,PREMIUM,"S/.960,00"
284596,TECHNODREAM ENERGY,"S/.2.255,00"
2126024801,DRIMER LATEX TENCEL,"S/.1.745,00"
284297,TECHNODREAM FIT,"S/.950,00"
267125,SAN REMO,"S/.960,00"
284294,TECHNODREAM GRAVITY,"S/.810,00"
284125,TRAVEL HOTELERO STANDARD IGNIFUGO,"S/.960,00"
284594,TECHNODREAM GRAVITY,"S/.2.255,00"
267402,NATURE,"S/.1.745,00"
284298,TECHNODREAM NEO,"S/.1.270,00"
26516K0002,DRIMER OMEGA,"S/.955,00"
284295,TECHNODREAM OXYGEN,"S/.960,00"
267101,PRINCE,"S/.945,00"
284108,WARI VICUS,"S/.945,00"
284595,TECHNODREAM OXYGEN,"S/.2.585,00"
2844A8,ACQUA CIRCULACION ADVANCE,"S/.1.740,00"
284293,TECHNODREAM OZONO,"S/.910,00"
267141,ORION,"S/.935,00"
266117,CIC,"S/.930,00"
284593,TECHNODREAM OZONO,"S/.2.475,00"
2116021701,GALAXY,"S/.1.740,00"
2842C9,TECHNODREAM POCKET DREAM,"S/.830,00"
267122,VESUBIO,"S/.930,00"
2842A3,TECHNODREAM QUBO ANTISTRESS,"S/.1.190,00"
267153,REAL PT,"S/.920,00"
284243,TECHNODREAM ZENTRIX,"S/.1.260,00"
267146,OMEGA,"S/.920,00"
2912010004,VICUS,"S/.920,00"
284248,TERRA ALOE VERA,"S/.830,00"
267193,GEMINIS PT,"S/.910,00"
265123,DORMIDITA NOTEX,"S/.905,00"
284548,TERRA ALOE VERA,"S/.2.300,00"
4916040014,SIMMONS HYBRID MARLEE PLUSH,"S/.1.735,00"
2842B7,TERRA BAMBOO,"S/.1.040,00"
26514G,OMEGA JACKARD,"S/.900,00"
266132,RIZZOLI,"S/.900,00"
284040,IBIZA,"S/.415,00"
2117023601,TERRA BAMBOO,"S/.2.485,00"
2116011201,LORD REPOSE,"S/.1.735,00"
284247,TERRA COTTON,"S/.980,00"
265126,DIAGONAL POLIALGODON,"S/.900,00"
2841A5-1,FIAMMA IGNIFUGO II,"S/.895,00"
458047,JACKARD,"S/.405,00"
284547,TERRA COTTON,"S/.2.615,00"
26542E,ELASTIC FOAM DRILL,"S/.1.730,00"
284251,TERRA COTTON FRESH,"S/.1.230,00"
265122,ECOLOGICO POLIALGODON,"S/.895,00"
26512A,SUPER FOAM POLIALGODON X,"S/.895,00"
284551,TERRA COTTON FRESH,"S/.2.660,00"
266446,DRIMER,"S/.1.730,00"
2842C1,TERRA LATEX ALOE VERA,"S/.800,00"
265121,ECOLOGICO NOTEX,"S/.890,00"
2845C1,TERRA LATEX ALOE VERA,"S/.2.340,00"
4916040004,SIMMONS AUDRINA LUXURY P/T,"S/.1.725,00"
2842A6,TERRA SOYAMBOO,"S/.1.230,00"
284144,HOTELERO 5 ESTRELLAS,"S/.880,00"
2112040001,SIMMONS HOTELERO CAMA AUXILIAR,"S/.880,00"
2845A6,TERRA SOYAMBOO,"S/.2.590,00"
2116021291,ALOE VERA,"S/.1.725,00"
284224,TRAVEL EXTRA HOTELERO IGNIFUGO,"S/.970,00"
267180,FIRENZE VISCOELASTIC,"S/.875,00"
284524,TRAVEL EXTRA HOTELERO IGNIFUGO,"S/.2.210,00"
284440,IBIZA,"S/.1.725,00"
265127,SUPER FOAM POLIALGODON,"S/.865,00"
2912010002,TAMBO,"S/.855,00"
284225,TRAVEL HOTELERO STANDARD IGNIFUGO,"S/.820,00"
284149,FIAMMA ANTISTRESS,"S/.850,00"
267177,FIRENZE ALOE VERA PT,"S/.850,00"
267179,FIRENZE ANTISTRESS PT,"S/.840,00"
2914010019,URPI,"S/.900,00"
284151,TERRA COTTON FRESH,"S/.835,00"
267294,VALENCIA PT,"S/.1.240,00"
284147,TERRA COTTON,"S/.835,00"
2841A6,TERRA SOYAMBOO,"S/.830,00"
267594,VALENCIA PT,"S/.2.540,00"
2126024001,VISCO CARBON,"S/.1.720,00"
284192,TECHNODREAM BREEZE,"S/.825,00"
267239,VENETTO,"S/.970,00"
2912010003,URPI,"S/.825,00"
267142,SEVILLA,"S/.825,00"
2914010097,VERDUM,"S/.920,00"
267151,PRINCE PT,"S/.815,00"
267222,VESUBIO,"S/.910,00"
26518J,COOL MAX SUMMER,"S/.805,00"
267173,TARENTO PT,"S/.795,00"
2112021701,GALAXY,"S/.790,00"
267522,VESUBIO,"S/.2.200,00"
284473,FIRENZE FRESH,"S/.1.720,00"
284223,VESUBIO II,"S/.910,00"
284140,IBIZA,"S/.790,00"
267174,SAN MARINO PT,"S/.785,00"
2914010020,VICUS,"S/.800,00"
284173,FIRENZE FRESH,"S/.780,00"
2917010006,VICUS,"S/.2.570,00"
2126023401,PRO RUNNER OXYGEL,"S/.1.715,00"
2842B5,VISCO ANTISTRESS,"S/.1.240,00"
2841A5,FIAMMA IGNIFUGO,"S/.765,00"
2845B5,VISCO ANTISTRESS,"S/.2.580,00"
4916040016,SIMMONS JAELYN LUXURY FIRM,"S/.1.715,00"
267234,VISCOELASTIC POCKET,"S/.1.020,00"
458102,DI BIANCO,"S/.765,00"
267534,VISCOELASTIC POCKET,"S/.2.310,00"
2116030301,ENERGY,"S/.1.715,00"
284272,VISCOELASTIC POCKET PT,"S/.930,00"
267154,PT,"S/.760,00"
284572,VISCOELASTIC POCKET PT,"S/.2.495,00"
284449,FIAMMA ANTISTRESS,"S/.1.715,00"
284206,WARI KUELAP,"S/.1.060,00"
265129,SUPER FOAM JACKARD,"S/.760,00"
284127,TRAVEL HOTELERO ORTOPEDICO,"S/.760,00"
284506,WARI KUELAP,"S/.2.635,00"
2916010008,VICUS,"S/.1.715,00"
284207,WARI MOCHE,"S/.1.270,00"
284107,WARI MOCHE,"S/.750,00"
284110,AYLLU URPI,"S/.750,00"
284507,WARI MOCHE,"S/.2.270,00"
267449,POCKET VISCO,"S/.1.710,00"
284205,WARI PARACAS,"S/.1.200,00"
458143,DRIMER ZENTRIX,"S/.750,00"
284505,WARI PARACAS,"S/.2.290,00"
2844C3,QUBO ALOE VERA,"S/.1.710,00"
284263,WARI RUNA,"S/.1.170,00"
265124,DORMIDITA POLIALGODON,"S/.745,00"
458438,SIMMONS BR RECHARGE HYBRID MARLEE PLUSH,"S/.1.710,00"
284208,WARI VICUS,"S/.1.230,00"
267105,BELLISIMA AKTUAL,"S/.740,00"
2841C4,DRIMER ALOE VERA,"S/.735,00"
284508,WARI VICUS,"S/.2.430,00"
2664A3,ACQUA CIRCULACION,"S/.1.705,00"
458146,OMEGA,"S/.730,00"
2112030301,ENERGY,"S/.730,00"
2114031091,XEON,"S/.1.220,00"
284148,TERRA ALOE VERA,"S/.725,00"
284542,XEON,"S/.2.650,00"
4916040012,SIMMONS HEAVENLY EVERNU WESTIN,"S/.1.700,00"
2112020501,4 ESTRELLAS,"S/.725,00"
267581,ZENNA,"S/.2.300,00"
458440,SIMMONS BACK CARE NON FLIP,"S/.1.700,00"
267233,ZENNA POCKET,"S/.970,00"
458103,TRAVEL HOTELERO,"S/.720,00"
284521,ZENNA POCKET,"S/.2.530,00"
458436,SIMMONS BR RECHARGE WORLD CLASS JAELYN LUXURY,"S/.1.700,00"
267139,VENETTO,"S/.715,00"
267281,ZENNA PT,"S/.830,00"
284142,XEON,"S/.715,00"
2112021201,ALOE VERA,"S/.705,00"
2114031101,ZENTRIX,"S/.1.010,00"
266146,DRIMER,"S/.700,00"
270263,ADRIANO,"S/.930,00"
270363,ADRIANO,"S/.1.030,00"
270190,ADRIANO I,"S/.700,00"
270290,ADRIANO I,"S/.1.140,00"
270390,ADRIANO I,"S/.1.340,00"
270340,AIRE,"S/.1.465,00"
270176,ALONSO,"S/.650,00"
270276,ALONSO,"S/.765,00"
270376,ALONSO,"S/.1.340,00"
2703AR,ALTA 001 PU,"S/.1.660,00"
2701AV,ALTA 002 CHENILLE,"S/.755,00"
2702AW,ALTA 003 PU,"S/.1.040,00"
2703AW,ALTA 003 PU,"S/.1.035,00"
2702B5,ALTA 004 PU,"S/.960,00"
2703B5,ALTA 004 PU,"S/.1.510,00"
2702AZ,ALTA 005 PU,"S/.835,00"
2703AZ,ALTA 005 PU,"S/.1.585,00"
270199,AMERICA,"S/.920,00"
270299,AMERICA,"S/.1.310,00"
270399,AMERICA,"S/.1.445,00"
270150,ANDRE,"S/.750,00"
270250,ANDRE,"S/.1.185,00"
270350,ANDRE,"S/.1.190,00"
270153,ANELKA,"S/.620,00"
270253,ANELKA,"S/.845,00"
270353,ANELKA,"S/.1.630,00"
2211010301,ANKARA,"S/.605,00"
2212010301,ANKARA,"S/.990,00"
2213010301,ANKARA,"S/.1.535,00"
2701AF,ANTONELLA,"S/.910,00"
2702AF,ANTONELLA,"S/.930,00"
2703AF,ANTONELLA,"S/.1.565,00"
2701AY,ANTONELLA PU,"S/.670,00"
2702AY,ANTONELLA PU,"S/.1.335,00"
2703AY,ANTONELLA PU,"S/.1.125,00"
2701BG,ARANXA,"S/.840,00"
2702BG,ARANXA,"S/.1.365,00"
2703BG,ARANXA,"S/.1.015,00"
2701AN,ARIANA,"S/.730,00"
2702AN,ARIANA,"S/.825,00"
2703AN,ARIANA,"S/.1.495,00"
270247,ARSENAL,"S/.1.315,00"
270347,ARSENAL,"S/.1.405,00"
2701AE,FIBRAE,"S/.930,00"
2702AE,FIBRAE,"S/.1.095,00"
2703AE,FIBRAE,"S/.1.205,00"
270161,ASTON,"S/.885,00"
270261,ASTON,"S/.1.005,00"
270361,ASTON,"S/.1.445,00"
270165,ASTON 2,"S/.760,00"
270365,ASTON 2,"S/.1.075,00"
270220,ATHENAS,"S/.1.005,00"
270320,ATHENAS,"S/.935,00"
270126,BALI,"S/.690,00"
270226,BALI,"S/.745,00"
270326,BALI,"S/.1.160,00"
270103,BARI,"S/.855,00"
270203,BARI,"S/.1.075,00"
270303,BARI,"S/.1.295,00"
270206,BAROLO,"S/.1.235,00"
270306,BAROLO,"S/.1.430,00"
270130,BELLA,"S/.935,00"
270230,BELLA,"S/.860,00"
270330,BELLA,"S/.1.465,00"
270138,BETTINA,"S/.995,00"
270238,BETTINA,"S/.1.395,00"
270338,BETTINA,"S/.995,00"
270110,BIANCA,"S/.840,00"
270210,BIANCA,"S/.1.030,00"
270310,BIANCA,"S/.1.490,00"
270108,BRAXTON,"S/.790,00"
270208,BRAXTON,"S/.1.165,00"
270308,BRAXTON,"S/.1.490,00"
270185,BRAXTON ARKANSAS,"S/.675,00"
270285,BRAXTON ARKANSAS,"S/.995,00"
270385,BRAXTON ARKANSAS,"S/.1.340,00"
2212010501,BRETANA,"S/.790,00"
2213010501,BRETANA,"S/.1.435,00"
2211010591,BRETANA,"S/.995,00"
2212012301,BRISAS,"S/.890,00"
2213012301,BRISAS,"S/.1.195,00"
2211012301,BRISAS,"S/.810,00"
2212012401,BRUNELLA,"S/.1.040,00"
2213012401,BRUNELLA,"S/.1.660,00"
2211012401,BRUNELLA,"S/.940,00"
270159,CANAVARO,"S/.765,00"
270259,CANAVARO,"S/.1.335,00"
270359,CANAVARO,"S/.1.005,00"
270170,CASILLAS,"S/.940,00"
270270,CASILLAS,"S/.1.095,00"
270370,CASILLAS,"S/.1.670,00"
270246,CHELSEA,"S/.860,00"
270346,CHELSEA,"S/.1.120,00"
2701A4,CHICAGO,"S/.865,00"
2702A4,CHICAGO,"S/.1.305,00"
2703A4,CHICAGO,"S/.1.290,00"
270154,CONCA,"S/.750,00"
270254,CONCA,"S/.870,00"
270354,CONCA,"S/.1.450,00"
270193,CONTEMPO,"S/.915,00"
270293,CONTEMPO,"S/.820,00"
270393,CONTEMPO,"S/.1.485,00"
2701BE,DANICA,"S/.640,00"
2702BE,DANICA,"S/.990,00"
2703BE,DANICA,"S/.1.685,00"
2701AB,DEL PIERO,"S/.825,00"
2702AB,DEL PIERO,"S/.1.350,00"
2703AB,DEL PIERO,"S/.1.385,00"
270135,DIDA,"S/.795,00"
270235,DIDA,"S/.1.385,00"
270335,DIDA,"S/.920,00"
270151,DIVO,"S/.690,00"
270251,DIVO,"S/.885,00"
270351,DIVO,"S/.1.435,00"
2701BN,DUAL,"S/.855,00"
2702BN,DUAL,"S/.885,00"
2703BN,DUAL,"S/.1.615,00"
2212010201,DUNIA,"S/.1.320,00"
2213010201,DUNIA,"S/.925,00"
2701BP,DURHAM,"S/.925,00"
2702BP,DURHAM,"S/.835,00"
2703BP,DURHAM,"S/.1.395,00"
2701AX,ECONOMICO 001,"S/.865,00"
2702AX,ECONOMICO 001,"S/.1.215,00"
2703AX,ECONOMICO 001,"S/.1.115,00"
2701B7,ECONOMICO VN-002,"S/.645,00"
2702B7,ECONOMICO VN-002,"S/.925,00"
2703B7,ECONOMICO VN-002,"S/.1.525,00"
2701B8,ECONOMICO VN-003,"S/.960,00"
2702B8,ECONOMICO VN-003,"S/.895,00"
2703B8,ECONOMICO VN-003,"S/.1.310,00"
270139,ELIZABETH,"S/.685,00"
270239,ELIZABETH,"S/.715,00"
270339,ELIZABETH,"S/.1.525,00"
2211013101,ESPFIBRAA,"S/.960,00"
2212013101,ESPFIBRAA,"S/.1.025,00"
2213013101,ESPFIBRAA,"S/.1.435,00"
270141,ESTEFAN,"S/.710,00"
270241,ESTEFAN,"S/.1.110,00"
2213013201,ESTEFAN,"S/.1.295,00"
2701AL,ESTEFAN II,"S/.600,00"
2702AL,ESTEFAN II,"S/.925,00"
2703AL,ESTEFAN II,"S/.1.460,00"
270195,FARFAN,"S/.945,00"
270295,FARFAN,"S/.835,00"
270395,FARFAN,"S/.1.055,00"
270266,FERRARI,"S/.795,00"
270366,FERRARI,"S/.915,00"
270114,FLORENCIA,"S/.830,00"
270214,FLORENCIA,"S/.960,00"
270314,FLORENCIA,"S/.1.380,00"
270118,FLORIDA,"S/.740,00"
270218,FLORIDA,"S/.755,00"
270318,FLORIDA,"S/.1.155,00"
270175,G&S,"S/.900,00"
270275,G&S,"S/.1.215,00"
270375,G&S,"S/.955,00"
270133,GENOVA,"S/.700,00"
270233,GENOVA,"S/.780,00"
270333,GENOVA,"S/.1.675,00"
2701A5,GENOVA I,"S/.685,00"
2702A5,GENOVA I,"S/.1.355,00"
2703A5,GENOVA I,"S/.1.480,00"
270162,GHANA,"S/.790,00"
270262,GHANA,"S/.1.255,00"
270362,GHANA,"S/.1.160,00"
270131,GIOVANA,"S/.815,00"
270231,GIOVANA,"S/.875,00"
270331,GIOVANA,"S/.1.245,00"
270124,GRANADA,"S/.960,00"
270224,GRANADA,"S/.980,00"
270324,GRANADA,"S/.1.625,00"
2701A3,GRECO,"S/.730,00"
2702A3,GRECO,"S/.760,00"
2703A3,GRECO,"S/.1.100,00"
270107,GSU,"S/.750,00"
270207,GSU,"S/.745,00"
270307,GSU,"S/.1.650,00"
270191,HAMBURG,"S/.935,00"
270291,HAMBURG,"S/.1.225,00"
270391,HAMBURG,"S/.1.250,00"
270155,HENRY,"S/.835,00"
270255,HENRY,"S/.700,00"
270355,HENRY,"S/.1.565,00"
470201,HWCS - MOD SF-JN-1204-2,"S/.1.050,00"
270109,IMAN,"S/.795,00"
270209,IMAN,"S/.950,00"
270309,IMAN,"S/.1.205,00"
270197,IMAN PU,"S/.640,00"
270297,IMAN PU,"S/.1.165,00"
270397,IMAN PU,"S/.1.530,00"
2701C2,JIME,"S/.780,00"
2702C2,JIME,"S/.1.205,00"
2703C2,JIME,"S/.1.500,00"
270136,KAFU,"S/.915,00"
270236,KAFU,"S/.730,00"
270336,KAFU,"S/.1.070,00"
270194,KUBICA,"S/.830,00"
270294,KUBICA,"S/.1.100,00"
270394,KUBICA,"S/.1.585,00"
270116,LAZIO,"S/.795,00"
270316,LAZIO,"S/.1.055,00"
2702AD,LEONARD,"S/.1.370,00"
270137,LISBOA,"S/.915,00"
270237,LISBOA,"S/.1.085,00"
270337,LISBOA,"S/.1.420,00"
270123,LORD,"S/.740,00"
270223,LORD,"S/.855,00"
270323,LORD,"S/.1.300,00"
270198,LYON,"S/.915,00"
270398,LYON,"S/.1.060,00"
2212010191,LYON,"S/.1.220,00"
270112,MADRAS,"S/.740,00"
270212,MADRAS,"S/.1.200,00"
2213013691,MADRAS,"S/.1.415,00"
270182,MADRAS PU,"S/.765,00"
270282,MADRAS PU,"S/.1.060,00"
270382,MADRAS PU,"S/.1.580,00"
2701AH,MADRAS SD,"S/.935,00"
2702AH,MADRAS SD,"S/.715,00"
2703AH,MADRAS SD,"S/.1.430,00"
270113,MALAGA,"S/.600,00"
270213,MALAGA,"S/.780,00"
270313,MALAGA,"S/.1.255,00"
270145,MANCHESTER,"S/.795,00"
270245,MANCHESTER,"S/.1.030,00"
270453,MANCHESTER,"S/.900,00"
2701C1,MANTOVA,"S/.840,00"
2703C1,MANTOVA,"S/.1.135,00"
2212013701,MANTOVA,"S/.955,00"
2701BF,MARSELLA,"S/.685,00"
2702BF,MARSELLA,"S/.1.300,00"
2212013801,MARSELLA,"S/.1.335,00"
2213013801,MARSELLA,"S/.1.460,00"
2701BI,MATERAZZI,"S/.910,00"
2702BI,MATERAZZI,"S/.1.360,00"
2213013991,MATERAZZI,"S/.1.085,00"
270268,MCLAREN,"S/.785,00"
270368,MCLAREN,"S/.1.115,00"
2701B4,MEDIA 001 CHENILLE,"S/.740,00"
2702B4,MEDIA 001 CHENILLE,"S/.815,00"
2703B4,MEDIA 001 CHENILLE,"S/.1.095,00"
2702BC,MEDIA 001 PU,"S/.895,00"
2703BC,MEDIA 001 PU,"S/.1.285,00"
2702AT,MEDIA 001 VN,"S/.785,00"
2703AT,MEDIA 001 VN,"S/.1.230,00"
2701BD,MEDIA 002 CHENILLE,"S/.670,00"
2702BD,MEDIA 002 CHENILLE,"S/.830,00"
2703BD,MEDIA 002 CHENILLE,"S/.1.620,00"
2701AP,MEDIA 002 VN,"S/.735,00"
2702AP,MEDIA 002 VN,"S/.1.120,00"
2703AP,MEDIA 002 VN,"S/.1.650,00"
2701B3,MEDIA 003 PU,"S/.755,00"
2702B3,MEDIA 003 PU,"S/.1.050,00"
2703B3,MEDIA 003 PU,"S/.1.380,00"
2701AQ,MEDIA 003 VN,"S/.715,00"
2702AQ,MEDIA 003 VN,"S/.1.280,00"
2703AQ,MEDIA 003 VN,"S/.1.200,00"
2701B6,MEDIA 004 PU,"S/.830,00"
2702B6,MEDIA 004 PU,"S/.1.100,00"
2703B6,MEDIA 004 PU,"S/.1.420,00"
2701B2,MEDIA 004 VN,"S/.950,00"
2702B2,MEDIA 004 VN,"S/.1.320,00"
2703B2,MEDIA 004 VN,"S/.1.050,00"
2701B9,MEDIA 005 VN,"S/.800,00"
2702B9,MEDIA 005 VN,"S/.1.350,00"
2703B9,MEDIA 005 VN,"S/.1.280,00"
270281,MESSI,"S/.1.380,00"
270381,MESSI,"S/.1.610,00"
2701C6,METZ,"S/.840,00"
2702C6,METZ,"S/.910,00"
2703C6,METZ,"S/.1.270,00"
270149,MILAN,"S/.650,00"
270249,MILAN,"S/.770,00"
270349,MILAN,"S/.940,00"
270A73,MODERNO MODULAR,"S/.815,00"
270B73,MODERNO MODULAR,"S/.1.240,00"
270256,MONACO,"S/.1.150,00"
270356,MONACO,"S/.950,00"
270248,MUNICH,"S/.730,00"
270348,MUNICH,"S/.930,00"
270201,MURANO,"S/.1.260,00"
270301,MURANO,"S/.1.260,00"
270219,MUSSA,"S/.1.340,00"
270319,MUSSA,"S/.1.240,00"
2702C5,NANTES,"S/.1.105,00"
2703C5,NANTES,"S/.905,00"
2211014101,NANTES,"S/.790,00"
2701A7,NAPOLES,"S/.695,00"
2702A7,NAPOLES,"S/.1.380,00"
2703A7,NAPOLES,"S/.1.580,00"
270144,NEW CASTLE,"S/.720,00"
270244,NEW CASTLE,"S/.1.320,00"
270344,NEW CASTLE,"S/.1.020,00"
270111,NICOLE,"S/.945,00"
270211,NICOLE,"S/.725,00"
270311,NICOLE,"S/.1.525,00"
270125,NOA,"S/.740,00"
270225,NOA,"S/.1.250,00"
2213014201,NOA,"S/.1.650,00"
270128,NOA TELA,"S/.785,00"
270228,NOA TELA,"S/.1.295,00"
270328,NOA TELA,"S/.1.695,00"
2701A9,NUVA,"S/.755,00"
2702A9,NUVA,"S/.1.390,00"
2703A9,NUVA,"S/.1.390,00"
2701BL,OPTERON,"S/.925,00"
2702BL,OPTERON,"S/.810,00"
2703BL,OPTERON,"S/.910,00"
2701AA,PACIFIC,"S/.840,00"
2702AA,PACIFIC,"S/.1.065,00"
2703AA,PACIFIC,"S/.1.665,00"
2701AM,PACIFIC VN,"S/.705,00"
2702AM,PACIFIC VN,"S/.860,00"
2703AM,PACIFIC VN,"S/.1.460,00"
270284,PADUA,"S/.1.310,00"
270384,PADUA,"S/.1.010,00"
270164,PAOLO,"S/.965,00"
270264,PAOLO,"S/.1.000,00"
2213014301,PAOLO,"S/.1.300,00"
270157,PARIS,"S/.840,00"
270257,PARIS,"S/.925,00"
270357,PARIS,"S/.1.325,00"
2702A2,PISSANO,"S/.1.215,00"
2703A2,PISSANO,"S/.1.615,00"
270179,PRAGA,"S/.605,00"
270279,PRAGA,"S/.945,00"
270186,PRAGA II,"S/.740,00"
270286,PRAGA II,"S/.1.320,00"
270386,PRAGA II,"S/.1.545,00"
2211014401,PROVENCE,"S/.665,00"
2212014401,PROVENCE,"S/.805,00"
2213014491,PROVENCE,"S/.1.120,00"
2701BO,QUAD,"S/.835,00"
2702BO,QUAD,"S/.760,00"
2703BO,QUAD,"S/.1.405,00"
2701C4,QUEBEC,"S/.880,00"
2702C4,QUEBEC,"S/.820,00"
2703C4,QUEBEC,"S/.1.560,00"
270189,RAUL,"S/.795,00"
270289,RAUL,"S/.780,00"
270389,RAUL,"S/.1.020,00"
270269,REAL,"S/.745,00"
218310,RECLINABLE ASHLEY,"S/.1.280,00"
270216,RIZZOLI  LAZIO,"S/.920,00"
270105,ROMA,"S/.600,00"
270205,ROMA,"S/.740,00"
270305,ROMA,"S/.1.145,00"
270127,SAFIRA,"S/.715,00"
270227,SAFIRA,"S/.1.250,00"
270327,SAFIRA,"S/.1.620,00"
2706AU,SECCIONAL ALTA 001 CHENILLE,"S/.1.140,00"
2706AS,SECCIONAL ALTA 002 PU,"S/.1.450,00"
409002,SEGELL,"S/.995,00"
2701AC,SICILIA,"S/.995,00"
2702AC,SICILIA,"S/.1.015,00"
2703AC,SICILIA,"S/.1.295,00"
2701AK,SICILIA TS - SA,"S/.745,00"
2702AK,SICILIA TS - SA,"S/.815,00"
2703AK,SICILIA TS - SA,"S/.1.015,00"
270267,SPYKER,"S/.1.210,00"
270367,SPYKER,"S/.1.115,00"
270229,TEMPO,"S/.705,00"
270329,TEMPO,"S/.1.410,00"
270274,TEMPO VINIL-EBEL,"S/.1.120,00"
270132,TERRACOTA,"S/.750,00"
270232,TERRACOTA,"S/.1.065,00"
270332,TERRACOTA,"S/.1.205,00"
270122,TORONTO,"S/.730,00"
270222,TORONTO,"S/.1.325,00"
270322,TORONTO,"S/.1.220,00"
270142,TOTI,"S/.815,00"
270242,TOTI,"S/.1.020,00"
270342,TOTI,"S/.1.165,00"
2702AG,TRACOL,"S/.810,00"
2703AG,TRACOL,"S/.1.225,00"
270187,TRENTO,"S/.985,00"
270287,TRENTO,"S/.1.025,00"
270387,TRENTO,"S/.1.420,00"
270104,TRENZA,"S/.640,00"
270204,TRENZA,"S/.725,00"
270304,TRENZA,"S/.1.310,00"
2701A1,TRENZA ECONOMICO,"S/.850,00"
2702A1,TRENZA ECONOMICO,"S/.1.340,00"
2703A1,TRENZA ECONOMICO,"S/.1.325,00"
2701AI,TRENZA ECONOMICO TS,"S/.905,00"
2702AI,TRENZA ECONOMICO TS,"S/.940,00"
2703AI,TRENZA ECONOMICO TS,"S/.1.525,00"
270271,VALENCIA,"S/.1.135,00"
270371,VALENCIA,"S/.940,00"
270283,VALENCIA SD,"S/.1.265,00"
270383,VALENCIA SD,"S/.1.040,00"
270117,VANIA,"S/.755,00"
270217,VANIA,"S/.1.175,00"
270317,VANIA,"S/.1.435,00"
2702A8,VARSOVIA,"S/.845,00"
2703A8,VARSOVIA,"S/.1.365,00"
270121,VENECIA,"S/.950,00"
270221,VENECIA,"S/.1.210,00"
270321,VENECIA,"S/.1.575,00"
270188,VERON,"S/.850,00"
270288,VERON,"S/.815,00"
270388,VERON,"S/.1.545,00"
270258,VERONA,"S/.1.210,00"
270358,VERONA,"S/.1.210,00"
2702A6,VERONA I,"S/.715,00"
2703A6,VERONA I,"S/.915,00"
270202,VERSO,"S/.725,00"
270302,VERSO,"S/.1.610,00"
270180,ZANETTI,"S/.850,00"
270280,ZANETTI,"S/.1.000,00"
270380,ZANETTI,"S/.1.015,00"
270160,ZICO,"S/.735,00"
270260,ZICO,"S/.970,00"
270360,ZICO,"S/.1.225,00"
270143,ZIDANE,"S/.790,00"
270243,ZIDANE,"S/.1.335,00"
270343,ZIDANE,"S/.1.500,00"
270115,ZIENTTE,"S/.825,00"
270215,ZIENTTE,"S/.835,00"
270315,ZIENTTE,"S/.1.370,00"
2945000108,ACTIBIO,"S/.60,00"
2415070102,AIR,"S/.65,00"
276FDN,AIRCOOL,"S/.90,00"
276EDL,AIRFRESH FIRM,"S/.100,00"
286594,ANTIACARO,"S/.150,00"
2865F4,ANTIMOSQUITO,"S/.50,00"
276JDG,ANTISTRESS,"S/.200,00"
276FDH,BEAUTYREST,"S/.75,00"
286056,CONTOUR,"S/.65,00"
276GDS,DISNEY,"S/.140,00"
296002,HIPERTRANSPIRANTE,"S/.120,00"
2945000103,INTELLIFRESH,"S/.30,00"
2767JU,LATEX GEL,"S/.130,00"
296001,LUXURY,"S/.125,00"
2415000107,LUXURY,"S/.75,00"
2415000119,MEMORY FOAM,"S/.190,00"
2865B4,ORGANICO,"S/.35,00"
276FDE,PLATA,"S/.100,00"
2867AE,SATEN,"S/.170,00"
286586,SATEN ELITE,"S/.55,00"
2867QK,SATEN LATEX,"S/.110,00"
28668C,SATEN MICROFIBRA,"S/.115,00"
2415000121,STAR WARS,"S/.200,00"
286055,TERMOREGULABLE,"S/.65,00"
2865S4,ANTIPEELING,"S/.50,00"
286544,MEMORY FOAM,"S/.55,00"
286437,VENTUS FIRM,"S/.120,00"
286300,VENTUS SOFT,"S/.40,00"
286CVG,LUMBAR,"S/.170,00"
2765TU,ACTIBIO,"S/.175,00"
276KTU,PLATA,"S/.45,00"
2862T3,CONTOUR,"S/.120,00"
2945000005,HIPERTRANSPIRANTE,"S/.115,00"
27654U,INTELLIFRESH,"S/.180,00"
2862Y3,BEAUTYREST,"S/.55,00"
2860Z2,AIRCOOL,"S/.80,00"
2860I6,VENTUS FIRM,"S/.95,00"
2867II,VENTUS SOFT,"S/.125,00"
286213,ANTISTRESS,"S/.50,00"
276DKV,AIR,"S/.35,00"
2863VN,TRADICIONAL BAMBOO,"S/.45,00"
286ECD,VENTUS SOFT,"S/.160,00"
276F8N,AIR,"S/.200,00"
2415000110,ANTISTRESS,"S/.40,00"
276FSH,HIPERTRANSPIRANTE,"S/.75,00"
276FSE,ULTRA SOFT,"S/.155,00"
4424050001,AIR,"S/.195,00"
418102,MEMORY FOAM SERTA,"S/.40,00"
8008,STANDARD,"S/.125,00"
286878,AIR,"S/.75,00"
286011,ANCHO,"S/.135,00"
276DCV,BEAUTYREST,"S/.90,00"
276GCX,CARBONO,"S/.45,00"
276DCU,CARBONO LATEX,"S/.90,00"
2868D8,MICROFIBRA,"S/.40,00"
2768IQ,AIR,"S/.170,00"
2767IH,VENTUS SOFT,"S/.80,00"
2866HI,AIR,"S/.120,00"
2866HJ,AIRCOOL,"S/.155,00"
286G010001,ANTISTRESS,"S/.65,00"
4434020001,BAMBOO CHARCOAL CONTOUR,"S/.160,00"
4434020002,BAMBOO CHARCOAL ERGO,"S/.165,00"
2765AU,CELESTIAL,"S/.200,00"
27658U,FIBRA EST,"S/.50,00"
418101,GEL QUEEN,"S/.45,00"
276KCU,CARBONO,"S/.90,00"
8010,KING,"S/.75,00"
8011,KING COOL,"S/.125,00"
8002,QUEEN,"S/.45,00"
8001,STANDARD,"S/.110,00"
286KJI,VENTUS,"S/.90,00"
286CCG,DISNEY,"S/.70,00"
418303,ENROLLADA,"S/.90,00"
276LFY,INTELLIFRESH,"S/.100,00"
276FFL,TERMOREGULABLE,"S/.145,00"
286022,ENROLLADA,"S/.45,00"
400101,GANSO,"S/.85,00"
400201,STANDARD,"S/.50,00"
2869UL,AIR,"S/.95,00"
2415000209,INTELLIFRESH,"S/.190,00"
286370,MEMORY FOAM,"S/.135,00"
286F20,AIRCOOL,"S/.100,00"
418201,AIR,"S/.45,00"
296384,CERVICAL ANTIACARO,"S/.75,00"
2434010001,CERVICAL CIC,"S/.70,00"
286DW1,FOAM ANTIACAROS,"S/.85,00"
2863V1,FOAM BAMBOO,"S/.100,00"
296343,FROZEN,"S/.105,00"
2434010002,INYECTADA,"S/.120,00"
418302,OXYGEL CONTOUR,"S/.130,00"
418301,OXYGEL STANDARD,"S/.105,00"
2434000005,STAR WARS,"S/.110,00"
286DMA,TECHNODREAM,"S/.200,00"
418004,APOYO LUMBAR,"S/.155,00"
418005,CERVICAL,"S/.50,00"
418011,CONTOUR,"S/.90,00"
418008,ESPUMA,"S/.160,00"
418007,ESPUMA CERVICAL,"S/.45,00"
418003,NECK,"S/.40,00"
286DK1,RELAX,"S/.130,00"
418010,SOFT,"S/.160,00"
418001,STD,"S/.130,00"
418012,TECHNODREAM,"S/.70,00"
2865PD,CELLIANT SOFT,"S/.55,00"
286D0B,CERVICAL,"S/.75,00"
2863CB,CERVICAL BAMBOO,"S/.130,00"
276DNA,THERMOCONTROL,"S/.110,00"
286D0A,TRADICIONAL,"S/.150,00"
2863CA,TRADICIONAL BAMBOO,"S/.195,00"
286A0D,TRAVEL,"S/.55,00"
286ACD,TRAVEL IBISBAMBOO,"S/.85,00"